full_name,title,company,country,linkedin_url,company_website,employee_count_estimate,growth_signal,people_process_signal,affordability_signal,linkedin_activity_signal,source_url,fit_score,segment,reason_to_contact,dnc_status,review_status,score_reasons,score_concerns,headline,industry,profile_location,provider_id
😄 Syed Ahmad Fuqaha Sd Agil,Founder / Managing Director,KATSANA Holdings,Malaysia,https://www.linkedin.com/in/fuqaha,,SalesNav filter 11-50 or 51-200. Manual check needed for 10-100 band.,growth_or_people_language_in_profile,manual review needed,industry and founder role suggest possible fit; revenue not verified,manual recent activity check needed,"https://www.linkedin.com/sales/lead/ACwAAAv5vPwBKdZnoFdUwbOFaISsU5YPyZ8oN0I,NAME_SEARCH,g7CS",85,Malaysia / md_owner,"Founder led company in target size filter. Review for hiring, growth, or people process trigger before sending.",not checked against client DNC yet,READY_FOR_MANUAL_REVIEW,founder_or_senior_owner_title; growth_or_people_language_in_profile; linkedin_url_present,,⚡ KATSANA.com - Operational Visibility for Fleet Operations,,"WP. Kuala Lumpur, Federal Territory of Kuala Lumpur, Malaysia",ACwAAAv5vPwBKdZnoFdUwbOFaISsU5YPyZ8oN0I
Zainol Zainuddin,Founder,ZZ Tech Consult,Malaysia,https://www.linkedin.com/in/zainol-zainuddin,,SalesNav filter 11-50 or 51-200. Manual check needed for 10-100 band.,growth_or_people_language_in_profile,manual review needed,industry and founder role suggest possible fit; revenue not verified,manual recent activity check needed,"https://www.linkedin.com/sales/lead/ACwAAAJGgnYBiwC7qcMTcCYaC8IYP6g_wg2XrkU,NAME_SEARCH,Fvmj",85,Malaysia / founder,"Founder led company in target size filter. Review for hiring, growth, or people process trigger before sending.",not checked against client DNC yet,READY_FOR_MANUAL_REVIEW,founder_or_senior_owner_title; growth_or_people_language_in_profile; linkedin_url_present,,2026 ONCON Top 50 Global Technology Professional | World CIO 200 | ASEAN CIO 100 | ETCIO South-East Asia 2024 Transformative CIO | APAC Top 100 CIO | Speaker | Mentor | Technology Strategist and Transformation Leader |,,Greater Kuala Lumpur,ACwAAAJGgnYBiwC7qcMTcCYaC8IYP6g_wg2XrkU
Yie Hahn Hwong,Director & Co-Founder,West Coast Swing Malaysia,Malaysia,https://www.linkedin.com/in/yiehahn,,SalesNav filter 11-50 or 51-200. Manual check needed for 10-100 band.,growth_or_people_language_in_profile,manual review needed,industry and founder role suggest possible fit; revenue not verified,manual recent activity check needed,"https://www.linkedin.com/sales/lead/ACwAAAvcld0BuDlUQLljVZfTCz18NdlP98GtHIs,NAME_SEARCH,M1Y3",85,Malaysia / founder,"Founder led company in target size filter. Review for hiring, growth, or people process trigger before sending.",not checked against client DNC yet,READY_FOR_MANUAL_REVIEW,founder_or_senior_owner_title; growth_or_people_language_in_profile; linkedin_url_present,,"Datadog Enterprise, Malaysia | 6x President’s Club | Working with platform, SRE, DevSecOps and engineering leaders on production confidence",,Malaysia,ACwAAAvcld0BuDlUQLljVZfTCz18NdlP98GtHIs
Yee Tieng Chew,"Co-Founder, Investor",SabaiHealth,Malaysia,https://www.linkedin.com/in/yee-tieng-chew,,SalesNav filter 11-50 or 51-200. Manual check needed for 10-100 band.,growth_or_people_language_in_profile,manual review needed,industry and founder role suggest possible fit; revenue not verified,manual recent activity check needed,"https://www.linkedin.com/sales/lead/ACwAAAAXA8wB4qC-E-ISVrCW4QozR3e3FG3nUYo,NAME_SEARCH,ieC0",85,Malaysia / founder,"Founder led company in target size filter. Review for hiring, growth, or people process trigger before sending.",not checked against client DNC yet,READY_FOR_MANUAL_REVIEW,founder_or_senior_owner_title; growth_or_people_language_in_profile; linkedin_url_present,,"Board Member | Value Builder | Investor | Corporate Strategist and Transformation Executive -  Sovereign Wealth Fund, Oil & Gas, Technology, Healthcare & FMCG",,Malaysia,ACwAAAAXA8wB4qC-E-ISVrCW4QozR3e3FG3nUYo
Yasser K.,CEO & Cofounder,Teel,Malaysia,https://www.linkedin.com/in/1yasser,,SalesNav filter 11-50 or 51-200. Manual check needed for 10-100 band.,growth_or_people_language_in_profile,manual review needed,industry and founder role suggest possible fit; revenue not verified,manual recent activity check needed,"https://www.linkedin.com/sales/lead/ACwAAADQtdgBNS0eQbY5eoPsRLAYpHwe7lWWyHk,NAME_SEARCH,ZyRO",85,Malaysia / founder,"Founder led company in target size filter. Review for hiring, growth, or people process trigger before sending.",not checked against client DNC yet,READY_FOR_MANUAL_REVIEW,founder_or_senior_owner_title; growth_or_people_language_in_profile; linkedin_url_present,,"CEO & Cofounder, Teel | Building treasury orchestration infrastructure for APAC cross-border payments | Ex-Stripe, HSBC, Citi, Deloitte",,Greater Kuala Lumpur,ACwAAADQtdgBNS0eQbY5eoPsRLAYpHwe7lWWyHk
XAVIER MAH,Founder & CEO ,Xavier Mah Consultancy Sdn. Bhd.,Malaysia,https://www.linkedin.com/in/xaviermah,,SalesNav filter 11-50 or 51-200. Manual check needed for 10-100 band.,growth_or_people_language_in_profile,manual review needed,industry and founder role suggest possible fit; revenue not verified,manual recent activity check needed,"https://www.linkedin.com/sales/lead/ACwAAAXSM00BHcb6gTdftnOaEmxSW0Pox7WC8BU,NAME_SEARCH,VHSZ",85,Malaysia / ceo,"Founder led company in target size filter. Review for hiring, growth, or people process trigger before sending.",not checked against client DNC yet,READY_FOR_MANUAL_REVIEW,founder_or_senior_owner_title; growth_or_people_language_in_profile; linkedin_url_present,,"Cultural Legacy Architect | Advising founders and institutions on continuity, succession, and authority alignment.",,"WP. Kuala Lumpur, Federal Territory of Kuala Lumpur, Malaysia",ACwAAAXSM00BHcb6gTdftnOaEmxSW0Pox7WC8BU
Wilson Ten KPI King,"CEO of SandMerit, SandFil International",SandFil International,Malaysia,https://www.linkedin.com/in/wilsonten,,SalesNav filter 11-50 or 51-200. Manual check needed for 10-100 band.,growth_or_people_language_in_profile,manual review needed,industry and founder role suggest possible fit; revenue not verified,manual recent activity check needed,"https://www.linkedin.com/sales/lead/ACwAAADFTjIB_sQnjTdKEXdXWOgrtX4PfLV_ag8,NAME_SEARCH,p9FK",85,Malaysia / ceo,"Founder led company in target size filter. Review for hiring, growth, or people process trigger before sending.",not checked against client DNC yet,READY_FOR_MANUAL_REVIEW,founder_or_senior_owner_title; growth_or_people_language_in_profile; linkedin_url_present,,Founder & CEO of SandFil International | Chairman of International KPI Standards | The 'KPI King' of Malaysia | Helping Businesses Excel with Data-Driven KPI Solutions | Aspiring to Lead Southeast Asia in KPI Systems,,"Petaling Jaya, Selangor, Malaysia",ACwAAADFTjIB_sQnjTdKEXdXWOgrtX4PfLV_ag8
Umar Zakir Abdul Hamid,Co-Founder & Partner,Outrider Mobility,Malaysia,https://www.linkedin.com/in/umarzakir,,SalesNav filter 11-50 or 51-200. Manual check needed for 10-100 band.,growth_or_people_language_in_profile,manual review needed,industry and founder role suggest possible fit; revenue not verified,manual recent activity check needed,"https://www.linkedin.com/sales/lead/ACwAAB5mcf4B83NFIhmXRmOlraaOi85eWBzde5M,NAME_SEARCH,aO2q",85,Malaysia / founder,"Founder led company in target size filter. Review for hiring, growth, or people process trigger before sending.",not checked against client DNC yet,READY_FOR_MANUAL_REVIEW,founder_or_senior_owner_title; growth_or_people_language_in_profile; linkedin_url_present,,"Global Strategy, Industrial Transformation & Sovereign-Tech Ecosystems | EU-ASEAN-China Growth | Ex-GEELY (ZEEKR EU, CEVT, PROTON International) | SAE Young Industry Leadership Award ’23 | TEDx Speaker | EMBA",,Greater Kuala Lumpur,ACwAAB5mcf4B83NFIhmXRmOlraaOi85eWBzde5M
Tushar Bhardwaj,Founder & CEO,Trana,Malaysia,https://www.linkedin.com/in/tushar-bhardwaj132,,SalesNav filter 11-50 or 51-200. Manual check needed for 10-100 band.,growth_or_people_language_in_profile,manual review needed,industry and founder role suggest possible fit; revenue not verified,manual recent activity check needed,"https://www.linkedin.com/sales/lead/ACwAACxHhfUBKrL9MyYT5uz4ETIUNwdhqlk3N2o,NAME_SEARCH,v7Uw",85,Malaysia / founder,"Founder led company in target size filter. Review for hiring, growth, or people process trigger before sending.",not checked against client DNC yet,READY_FOR_MANUAL_REVIEW,founder_or_senior_owner_title; growth_or_people_language_in_profile; linkedin_url_present,,"Founder & CEO @ Trana - Secure tomorrow, today.",,"Federal Territory of Kuala Lumpur, Malaysia",ACwAACxHhfUBKrL9MyYT5uz4ETIUNwdhqlk3N2o
Top Lim,CEO & Co-Founder,FinHero,Malaysia,https://www.linkedin.com/in/top-lim-3a38842b,,SalesNav filter 11-50 or 51-200. Manual check needed for 10-100 band.,growth_or_people_language_in_profile,manual review needed,industry and founder role suggest possible fit; revenue not verified,manual recent activity check needed,"https://www.linkedin.com/sales/lead/ACwAAAZbtSsBfq4sm9yORkMKQDRlfHyfr6l0OEY,NAME_SEARCH,9WFM",85,Malaysia / founder,"Founder led company in target size filter. Review for hiring, growth, or people process trigger before sending.",not checked against client DNC yet,READY_FOR_MANUAL_REVIEW,founder_or_senior_owner_title; growth_or_people_language_in_profile; linkedin_url_present,,FinHero - Digital Financial Services,,"Georgetown, Penang, Malaysia",ACwAAAZbtSsBfq4sm9yORkMKQDRlfHyfr6l0OEY
Tom Kral,CEO & Co-founder,LM5 Capital,Malaysia,https://www.linkedin.com/in/tom-kral,,SalesNav filter 11-50 or 51-200. Manual check needed for 10-100 band.,growth_or_people_language_in_profile,manual review needed,industry and founder role suggest possible fit; revenue not verified,manual recent activity check needed,"https://www.linkedin.com/sales/lead/ACwAAAOlnYgBr7NtfsQwFENcZh2dRwaYXSJoeQk,NAME_SEARCH,rmdn",85,Malaysia / founder,"Founder led company in target size filter. Review for hiring, growth, or people process trigger before sending.",not checked against client DNC yet,READY_FOR_MANUAL_REVIEW,founder_or_senior_owner_title; growth_or_people_language_in_profile; linkedin_url_present,,"Founder at LM5 Capital | Market-Neutral Liquid Yield Strategies | For (U)HNWIs, Family Offices & Institutional Allocators",,"WP. Kuala Lumpur, Federal Territory of Kuala Lumpur, Malaysia",ACwAAAOlnYgBr7NtfsQwFENcZh2dRwaYXSJoeQk
Tho Kit Hoong,Co-founder and CEO,ArmourZero,Malaysia,https://www.linkedin.com/in/tho-kit-hoong-4209a4b6,,SalesNav filter 11-50 or 51-200. Manual check needed for 10-100 band.,growth_or_people_language_in_profile,manual review needed,industry and founder role suggest possible fit; revenue not verified,manual recent activity check needed,"https://www.linkedin.com/sales/lead/ACwAABi1E1gB9hrPq1Gwde_mnilc6hAc2SfVn7o,NAME_SEARCH,TIao",85,Malaysia / founder,"Founder led company in target size filter. Review for hiring, growth, or people process trigger before sending.",not checked against client DNC yet,READY_FOR_MANUAL_REVIEW,founder_or_senior_owner_title; growth_or_people_language_in_profile; linkedin_url_present,,CEO and Founder of ArmourZero | Cyber and Cloud Security Technologist | Mentor | Revolutionist,,"WP. Kuala Lumpur, Federal Territory of Kuala Lumpur, Malaysia",ACwAABi1E1gB9hrPq1Gwde_mnilc6hAc2SfVn7o
TK Chuah,Founder & CEO,Boostorder,Malaysia,https://www.linkedin.com/in/chuahtk,,SalesNav filter 11-50 or 51-200. Manual check needed for 10-100 band.,growth_or_people_language_in_profile,manual review needed,industry and founder role suggest possible fit; revenue not verified,manual recent activity check needed,"https://www.linkedin.com/sales/lead/ACwAABCHd7wBiNX3lL1Zi7RKqmFgp9Zhq4vn8Kw,NAME_SEARCH,P9_a",85,Malaysia / founder,"Founder led company in target size filter. Review for hiring, growth, or people process trigger before sending.",not checked against client DNC yet,READY_FOR_MANUAL_REVIEW,founder_or_senior_owner_title; growth_or_people_language_in_profile; linkedin_url_present,,We help brands & distributor to boost their B2B sales using AI,,Greater Kuala Lumpur,ACwAABCHd7wBiNX3lL1Zi7RKqmFgp9Zhq4vn8Kw
Surendra Reddy,Chief Executive Officer,A I O M,Malaysia,https://www.linkedin.com/in/surendra-reddy-1b1561152,,SalesNav filter 11-50 or 51-200. Manual check needed for 10-100 band.,growth_or_people_language_in_profile,manual review needed,industry and founder role suggest possible fit; revenue not verified,manual recent activity check needed,"https://www.linkedin.com/sales/lead/ACwAACS-ydUBSVCE4POxT85yglsLFGCzKJa_1cw,NAME_SEARCH,BYgc",85,Malaysia / ceo,"Founder led company in target size filter. Review for hiring, growth, or people process trigger before sending.",not checked against client DNC yet,READY_FOR_MANUAL_REVIEW,founder_or_senior_owner_title; growth_or_people_language_in_profile; linkedin_url_present,,Digital Transformation in Healthcare | AI in Healthcare | Corporate Governance | Tech Leadership | Healthcare Digitization | Health Eco System ,,"WP. Kuala Lumpur, Federal Territory of Kuala Lumpur, Malaysia",ACwAACS-ydUBSVCE4POxT85yglsLFGCzKJa_1cw
Suraj Arora,Managing Director & Co-Founder,KL Tech City,Malaysia,https://www.linkedin.com/in/suraj-arora-9335756,,SalesNav filter 11-50 or 51-200. Manual check needed for 10-100 band.,growth_or_people_language_in_profile,manual review needed,industry and founder role suggest possible fit; revenue not verified,manual recent activity check needed,"https://www.linkedin.com/sales/lead/ACwAAAEmufcB9cGmDXYPzbXwqYDB5oo0e5EhPI8,NAME_SEARCH,AVp2",85,Malaysia / founder,"Founder led company in target size filter. Review for hiring, growth, or people process trigger before sending.",not checked against client DNC yet,READY_FOR_MANUAL_REVIEW,founder_or_senior_owner_title; growth_or_people_language_in_profile; linkedin_url_present,,Venture | M&A | Board Member | Cross- Border | Tech | Green Energy | Upskilling | Business Chamber,,"Kuala Lumpur, Federal Territory of Kuala Lumpur, Malaysia",ACwAAAEmufcB9cGmDXYPzbXwqYDB5oo0e5EhPI8
"Sunderaj Nagalingam, FCMI(UK)",Director/ Co- Founder,Superbuilders,Malaysia,https://www.linkedin.com/in/nsunderaj,,SalesNav filter 11-50 or 51-200. Manual check needed for 10-100 band.,growth_or_people_language_in_profile,manual review needed,industry and founder role suggest possible fit; revenue not verified,manual recent activity check needed,"https://www.linkedin.com/sales/lead/ACwAAAPBwgwB7k1KZrpn9ZK6PripL9iR31Pk8cI,NAME_SEARCH,fsOM",85,Malaysia / founder,"Founder led company in target size filter. Review for hiring, growth, or people process trigger before sending.",not checked against client DNC yet,READY_FOR_MANUAL_REVIEW,founder_or_senior_owner_title; growth_or_people_language_in_profile; linkedin_url_present,,"My mission is to keep learning while helping others build better businesses, through honest conversations, thoughtful mentorship, and collaborations rooted in trust and long-term value.",,"Federal Territory of Kuala Lumpur, Malaysia",ACwAAAPBwgwB7k1KZrpn9ZK6PripL9iR31Pk8cI
Steve Kucia,Group Managing Director,Ag-I Solutions Limited,Malaysia,https://www.linkedin.com/in/stevekucia,,SalesNav filter 11-50 or 51-200. Manual check needed for 10-100 band.,growth_or_people_language_in_profile,manual review needed,industry and founder role suggest possible fit; revenue not verified,manual recent activity check needed,"https://www.linkedin.com/sales/lead/ACwAAAAK1wwBMcuPVZ_ULAwYcvPQIqrJObsutMw,NAME_SEARCH,V9G5",85,Malaysia / md_owner,"Founder led company in target size filter. Review for hiring, growth, or people process trigger before sending.",not checked against client DNC yet,READY_FOR_MANUAL_REVIEW,founder_or_senior_owner_title; growth_or_people_language_in_profile; linkedin_url_present,,Co-Founder Curlec,,"Kuala Lumpur, Federal Territory of Kuala Lumpur, Malaysia",ACwAAAAK1wwBMcuPVZ_ULAwYcvPQIqrJObsutMw
Shuvon Md Shariar Shanaz,Founder & CEO,AwareXone,Malaysia,https://www.linkedin.com/in/shuvonsec,,SalesNav filter 11-50 or 51-200. Manual check needed for 10-100 band.,growth_or_people_language_in_profile,manual review needed,industry and founder role suggest possible fit; revenue not verified,manual recent activity check needed,"https://www.linkedin.com/sales/lead/ACwAADgd5Y0BEj8N51s1T3yVNbi2zLMmeGD7o2o,NAME_SEARCH,9qTR",85,Malaysia / ceo,"Founder led company in target size filter. Review for hiring, growth, or people process trigger before sending.",not checked against client DNC yet,READY_FOR_MANUAL_REVIEW,founder_or_senior_owner_title; growth_or_people_language_in_profile; linkedin_url_present,,NASA-Recognized Ethical Hacker | World’s #1 Hacker on TryHackMe Monthly Leaderboard | Building AI-Powered Security Tools,,"Cyberjaya, Selangor, Malaysia",ACwAADgd5Y0BEj8N51s1T3yVNbi2zLMmeGD7o2o
Shi Hao Pang,Co-Founder,AppBay Studio,Malaysia,https://www.linkedin.com/in/shi-hao-pang-030047116,,SalesNav filter 11-50 or 51-200. Manual check needed for 10-100 band.,growth_or_people_language_in_profile,manual review needed,industry and founder role suggest possible fit; revenue not verified,manual recent activity check needed,"https://www.linkedin.com/sales/lead/ACwAABzWk2QBRPisU-swf7M3vpYwgVzyXgFLHLg,NAME_SEARCH,E7NI",85,Malaysia / founder,"Founder led company in target size filter. Review for hiring, growth, or people process trigger before sending.",not checked against client DNC yet,READY_FOR_MANUAL_REVIEW,founder_or_senior_owner_title; growth_or_people_language_in_profile; linkedin_url_present,,Cofounder of Appbay Studio | Retail | Enterprise AI | Zoho Creator | Msft Power Automate | Built to ride tech,,"Bayan Lepas, Penang, Malaysia",ACwAABzWk2QBRPisU-swf7M3vpYwgVzyXgFLHLg
Sharala Axryd,Founder,CADS AI,Malaysia,https://www.linkedin.com/in/sharalaaxryd,,SalesNav filter 11-50 or 51-200. Manual check needed for 10-100 band.,growth_or_people_language_in_profile,manual review needed,industry and founder role suggest possible fit; revenue not verified,manual recent activity check needed,"https://www.linkedin.com/sales/lead/ACwAAACi5roBHxtM6TxKnDuBqoj1QzTnEOI7FV8,NAME_SEARCH,dkso",85,Malaysia / founder,"Founder led company in target size filter. Review for hiring, growth, or people process trigger before sending.",not checked against client DNC yet,READY_FOR_MANUAL_REVIEW,founder_or_senior_owner_title; growth_or_people_language_in_profile; linkedin_url_present,,"Founder, Cads.ai | Skills Intelligence Platform for Workforce Readiness, Talent Mobility & Measurable AI Transformation
",,"WP. Kuala Lumpur, Federal Territory of Kuala Lumpur, Malaysia",ACwAAACi5roBHxtM6TxKnDuBqoj1QzTnEOI7FV8
Shahryn Azmi,Co-Founder,Griitt,Malaysia,https://www.linkedin.com/in/shahryn-azmi-b231b92,,SalesNav filter 11-50 or 51-200. Manual check needed for 10-100 band.,growth_or_people_language_in_profile,manual review needed,industry and founder role suggest possible fit; revenue not verified,manual recent activity check needed,"https://www.linkedin.com/sales/lead/ACwAAABiqgsBFngWl3ZUs3wEgDptQqbkXt9HsCM,NAME_SEARCH,lfVl",85,Malaysia / founder,"Founder led company in target size filter. Review for hiring, growth, or people process trigger before sending.",not checked against client DNC yet,READY_FOR_MANUAL_REVIEW,founder_or_senior_owner_title; growth_or_people_language_in_profile; linkedin_url_present,,Advocate for the Democratization of Work; Co-Founder at Kard Asia and griitt (formerly MakeTimePay),,"WP. Kuala Lumpur, Federal Territory of Kuala Lumpur, Malaysia",ACwAAABiqgsBFngWl3ZUs3wEgDptQqbkXt9HsCM
Seong Jiann Koay,Managing Director,MyKapital,Malaysia,https://www.linkedin.com/in/seong-jiann-koay-2b476aaa,,SalesNav filter 11-50 or 51-200. Manual check needed for 10-100 band.,growth_or_people_language_in_profile,manual review needed,industry and founder role suggest possible fit; revenue not verified,manual recent activity check needed,"https://www.linkedin.com/sales/lead/ACwAABc_3ygB7oy5jXBq-Er-dLVtYED_OZPi_XU,NAME_SEARCH,-LKE",85,Malaysia / md_owner,"Founder led company in target size filter. Review for hiring, growth, or people process trigger before sending.",not checked against client DNC yet,READY_FOR_MANUAL_REVIEW,founder_or_senior_owner_title; growth_or_people_language_in_profile; linkedin_url_present,,Bridging Businesses to Adopt Cutting-Edge Technologies. Malaysia blockchain ecosystem growth driver and innovator.,,"WP. Kuala Lumpur, Federal Territory of Kuala Lumpur, Malaysia",ACwAABc_3ygB7oy5jXBq-Er-dLVtYED_OZPi_XU
Sekar Shanmugam,Managing Director,ProfitAbility SE Asia,Malaysia,https://www.linkedin.com/in/sekarshanmugam,,SalesNav filter 11-50 or 51-200. Manual check needed for 10-100 band.,growth_or_people_language_in_profile,manual review needed,industry and founder role suggest possible fit; revenue not verified,manual recent activity check needed,"https://www.linkedin.com/sales/lead/ACwAAACRUvcBxerQt1vwfT-Nq0r9JLlywFlnvf4,NAME_SEARCH,CRQi",85,Malaysia / md_owner,"Founder led company in target size filter. Review for hiring, growth, or people process trigger before sending.",not checked against client DNC yet,READY_FOR_MANUAL_REVIEW,founder_or_senior_owner_title; growth_or_people_language_in_profile; linkedin_url_present,,"Go-to-expert in aligning employees to deliver improved business outcomes  | Dynamic P&L, Operations and People Leader | Author of the book ‘Dear Boss, 5 Reasons Why I’m Not Leaving’",,Greater Kuala Lumpur,ACwAAACRUvcBxerQt1vwfT-Nq0r9JLlywFlnvf4
Sathish Kumar Settu,Founder & CEO,Mindnotix Software Solutions,Malaysia,https://www.linkedin.com/in/sathina,,SalesNav filter 11-50 or 51-200. Manual check needed for 10-100 band.,growth_or_people_language_in_profile,manual review needed,industry and founder role suggest possible fit; revenue not verified,manual recent activity check needed,"https://www.linkedin.com/sales/lead/ACwAAAjTBBYBlnijaoMJfq3BVw5pmYhQcheMJkI,NAME_SEARCH,T3kr",85,Malaysia / founder,"Founder led company in target size filter. Review for hiring, growth, or people process trigger before sending.",not checked against client DNC yet,READY_FOR_MANUAL_REVIEW,founder_or_senior_owner_title; growth_or_people_language_in_profile; linkedin_url_present,,Chief Executive @ Sharyx | Building Enterprise Voice AI Automation | Tool-Call Orchestration for Real-World Workflows | AI Infrastructure for Customer Operation,,Greater Kuala Lumpur,ACwAAAjTBBYBlnijaoMJfq3BVw5pmYhQcheMJkI
Saswat Kumar Panda,CEO,Quocent,Malaysia,https://www.linkedin.com/in/saswatpanda,,SalesNav filter 11-50 or 51-200. Manual check needed for 10-100 band.,growth_or_people_language_in_profile,manual review needed,industry and founder role suggest possible fit; revenue not verified,manual recent activity check needed,"https://www.linkedin.com/sales/lead/ACwAAANAY_gBsbB1hBPMaCmrbEqJwoEF_mE8kG8,NAME_SEARCH,kh80",85,Malaysia / founder,"Founder led company in target size filter. Review for hiring, growth, or people process trigger before sending.",not checked against client DNC yet,READY_FOR_MANUAL_REVIEW,founder_or_senior_owner_title; growth_or_people_language_in_profile; linkedin_url_present,,CEO at Quocent | Malaysia Tech Entrepreneur | Industry Adviser | Digital Strategist | Start-up eco-system partner | Cert. AI Leadership from NUS-ISS Singapore | Adj. Prof(IR5),,"WP. Kuala Lumpur, Federal Territory of Kuala Lumpur, Malaysia",ACwAAANAY_gBsbB1hBPMaCmrbEqJwoEF_mE8kG8
Samuel Siew,Founder & CEO,Momentum,Malaysia,https://www.linkedin.com/in/samuelsiew,,SalesNav filter 11-50 or 51-200. Manual check needed for 10-100 band.,growth_or_people_language_in_profile,manual review needed,industry and founder role suggest possible fit; revenue not verified,manual recent activity check needed,"https://www.linkedin.com/sales/lead/ACwAABSK1mcBkFE0NP2BqobhhZ4NfDMsneHAj2s,NAME_SEARCH,IRvy",85,Malaysia / founder,"Founder led company in target size filter. Review for hiring, growth, or people process trigger before sending.",not checked against client DNC yet,READY_FOR_MANUAL_REVIEW,founder_or_senior_owner_title; growth_or_people_language_in_profile; linkedin_url_present,,Building what moves sport.⚡️,,"Federal Territory of Kuala Lumpur, Malaysia",ACwAABSK1mcBkFE0NP2BqobhhZ4NfDMsneHAj2s
"Saifuddin Amri, CISSP",Founder,Stealth-Mode Cybersecurity Startup,Malaysia,https://www.linkedin.com/in/saifuddinamri,,SalesNav filter 11-50 or 51-200. Manual check needed for 10-100 band.,growth_or_people_language_in_profile,manual review needed,industry and founder role suggest possible fit; revenue not verified,manual recent activity check needed,"https://www.linkedin.com/sales/lead/ACwAAAxJ_v0Bl5Ue22xDCeuH8W7j-QP9-m7zsn4,NAME_SEARCH,zI7Z",85,Malaysia / founder,"Founder led company in target size filter. Review for hiring, growth, or people process trigger before sending.",not checked against client DNC yet,READY_FOR_MANUAL_REVIEW,founder_or_senior_owner_title; growth_or_people_language_in_profile; linkedin_url_present,,Global Cyber Security Advocate | Hacker | Web App & Network Security SME | Red Team | Building Cyber Resilience Worldwide,,Malaysia,ACwAAAxJ_v0Bl5Ue22xDCeuH8W7j-QP9-m7zsn4
Roy Siew,Founder & CEO,Cicakify,Malaysia,https://www.linkedin.com/in/rsiew,,SalesNav filter 11-50 or 51-200. Manual check needed for 10-100 band.,growth_or_people_language_in_profile,manual review needed,industry and founder role suggest possible fit; revenue not verified,manual recent activity check needed,"https://www.linkedin.com/sales/lead/ACwAAAI4-2YBefxut_ryybLHteRsPNAzzvj3dTU,NAME_SEARCH,tt5S",85,Malaysia / founder,"Founder led company in target size filter. Review for hiring, growth, or people process trigger before sending.",not checked against client DNC yet,READY_FOR_MANUAL_REVIEW,founder_or_senior_owner_title; growth_or_people_language_in_profile; linkedin_url_present,,"Get Your eCommerce Brand Discovered, Cited & Recommended by AI Search | Founder, Cicakify | AI Search Visibility, Reducing Customer Acquisition Cost & Digital Revenue Transformation | 20+ Years Across SEA",,Greater Kuala Lumpur,ACwAAAI4-2YBefxut_ryybLHteRsPNAzzvj3dTU
Richard Ker,Chief Storyteller & Founder,Richard Ker Digital,Malaysia,https://www.linkedin.com/in/richardker,,SalesNav filter 11-50 or 51-200. Manual check needed for 10-100 band.,growth_or_people_language_in_profile,manual review needed,industry and founder role suggest possible fit; revenue not verified,manual recent activity check needed,"https://www.linkedin.com/sales/lead/ACwAAAGLRYkBHry3nk-U3jJnVi7IjwbYm5jMD8w,NAME_SEARCH,XFm2",85,Malaysia / founder,"Founder led company in target size filter. Review for hiring, growth, or people process trigger before sending.",not checked against client DNC yet,READY_FOR_MANUAL_REVIEW,founder_or_senior_owner_title; growth_or_people_language_in_profile; linkedin_url_present,,Inspiring you through storytelling | We grow your business & followers with social media content marketing | Southeast Asia’s No. 1 Storyteller | 500K followers worldwide | Fractional CMO | Connect or follow!,,"WP. Kuala Lumpur, Federal Territory of Kuala Lumpur, Malaysia",ACwAAAGLRYkBHry3nk-U3jJnVi7IjwbYm5jMD8w
Rengeeta Rendava,Founder and Managing Director,Mad Hat Asia,Malaysia,https://www.linkedin.com/in/rengee,,SalesNav filter 11-50 or 51-200. Manual check needed for 10-100 band.,growth_or_people_language_in_profile,manual review needed,industry and founder role suggest possible fit; revenue not verified,manual recent activity check needed,"https://www.linkedin.com/sales/lead/ACwAAARU1QUBxmlOc-uKRmLJiXhcwWmOs1oLVzc,NAME_SEARCH,OAeQ",85,Malaysia / founder,"Founder led company in target size filter. Review for hiring, growth, or people process trigger before sending.",not checked against client DNC yet,READY_FOR_MANUAL_REVIEW,founder_or_senior_owner_title; growth_or_people_language_in_profile; linkedin_url_present,,"Founder, team-builder, AI-curious, process junkie, recovering multi-tasker, in pursuit of the state of flow",,"WP. Kuala Lumpur, Federal Territory of Kuala Lumpur, Malaysia",ACwAAARU1QUBxmlOc-uKRmLJiXhcwWmOs1oLVzc
Raheel Zubairi,Chief Executive Officer,Pixelence,Malaysia,https://www.linkedin.com/in/rzubairi,,SalesNav filter 11-50 or 51-200. Manual check needed for 10-100 band.,growth_or_people_language_in_profile,manual review needed,industry and founder role suggest possible fit; revenue not verified,manual recent activity check needed,"https://www.linkedin.com/sales/lead/ACwAAAtiFB4B1UJ3XUxQRRYx9SSnfeENHubbzVM,NAME_SEARCH,JF8u",85,Malaysia / ceo,"Founder led company in target size filter. Review for hiring, growth, or people process trigger before sending.",not checked against client DNC yet,READY_FOR_MANUAL_REVIEW,founder_or_senior_owner_title; growth_or_people_language_in_profile; linkedin_url_present,,Innovator | Founder | Medical Imaging | No Code Enthusiast | Voice Agents FTW | JomHack Mentor,,"Cyberjaya, Selangor, Malaysia",ACwAAAtiFB4B1UJ3XUxQRRYx9SSnfeENHubbzVM
Rafa Islam Diba,Co-Founder & Director,TAEI Academy,Malaysia,https://www.linkedin.com/in/rafaislamdiba948,,SalesNav filter 11-50 or 51-200. Manual check needed for 10-100 band.,growth_or_people_language_in_profile,manual review needed,industry and founder role suggest possible fit; revenue not verified,manual recent activity check needed,"https://www.linkedin.com/sales/lead/ACwAAFpoGhIBi4ff0zF_OqHDiN8ioRIglbFmFTo,NAME_SEARCH,D3Sp",85,Malaysia / founder,"Founder led company in target size filter. Review for hiring, growth, or people process trigger before sending.",not checked against client DNC yet,READY_FOR_MANUAL_REVIEW,founder_or_senior_owner_title; growth_or_people_language_in_profile; linkedin_url_present,,"Brand & Marketing Strategist for Tech & Cybersecurity Firms | Co-Founder, TAEI Academy | TEDx Organiser",,"WP. Kuala Lumpur, Federal Territory of Kuala Lumpur, Malaysia",ACwAAFpoGhIBi4ff0zF_OqHDiN8ioRIglbFmFTo
Quentin Cloarec,Co-founder & CEO,Trees Engineering,Malaysia,https://www.linkedin.com/in/quentincloarec,,SalesNav filter 11-50 or 51-200. Manual check needed for 10-100 band.,growth_or_people_language_in_profile,manual review needed,industry and founder role suggest possible fit; revenue not verified,manual recent activity check needed,"https://www.linkedin.com/sales/lead/ACwAAAV_9MoB9wTkMrbzL0tUtGNkNONv3HVxJJA,NAME_SEARCH,HkkF",85,Malaysia / founder,"Founder led company in target size filter. Review for hiring, growth, or people process trigger before sending.",not checked against client DNC yet,READY_FOR_MANUAL_REVIEW,founder_or_senior_owner_title; growth_or_people_language_in_profile; linkedin_url_present,,"Designing OS for Energy workforce mobility |
 AI | Deployment Strategy",,Greater Kuala Lumpur,ACwAAAV_9MoB9wTkMrbzL0tUtGNkNONv3HVxJJA
Peter Kua,Founder & Chief Data Officer,GrowthPro Asia,Malaysia,https://www.linkedin.com/in/peterkua,,SalesNav filter 11-50 or 51-200. Manual check needed for 10-100 band.,growth_or_people_language_in_profile,manual review needed,industry and founder role suggest possible fit; revenue not verified,manual recent activity check needed,"https://www.linkedin.com/sales/lead/ACwAAAAnw8cB79SdWOPtpQbaKnxONpsr0Ss2r14,NAME_SEARCH,BHY4",85,Malaysia / founder,"Founder led company in target size filter. Review for hiring, growth, or people process trigger before sending.",not checked against client DNC yet,READY_FOR_MANUAL_REVIEW,founder_or_senior_owner_title; growth_or_people_language_in_profile; linkedin_url_present,,"AI & Data Strategist | Founder, GrowthPro.asia | Former Media Prima, OnPoint Vietnam, MDEC & Intel",,"Federal Territory of Kuala Lumpur, Malaysia",ACwAAAAnw8cB79SdWOPtpQbaKnxONpsr0Ss2r14
Padmini Rājan,Associate Founder,The Preminent,Malaysia,https://www.linkedin.com/in/padminirajan,,SalesNav filter 11-50 or 51-200. Manual check needed for 10-100 band.,growth_or_people_language_in_profile,manual review needed,industry and founder role suggest possible fit; revenue not verified,manual recent activity check needed,"https://www.linkedin.com/sales/lead/ACwAAAZ3o_EBoVQtSizn0BEZ3_UjAOW2BA0iSJw,NAME_SEARCH,CEJH",85,Malaysia / founder,"Founder led company in target size filter. Review for hiring, growth, or people process trigger before sending.",not checked against client DNC yet,READY_FOR_MANUAL_REVIEW,founder_or_senior_owner_title; growth_or_people_language_in_profile; linkedin_url_present,,Award-Winning Board & CXO Partner | Cybersecurity/GRC/AI-Led Operations/CX/Consulting | Enterprise Transformation for GCCs & CoEs | Founder DNA | $80M+ P&L | 19%+ YoY Growth | 60% Faster MTTR/MTTD | 99.9% Uptime,,Greater Kuala Lumpur,ACwAAAZ3o_EBoVQtSizn0BEZ3_UjAOW2BA0iSJw
Omar Khamam,Chief Executive Officer,THE TECHNO SET SDN. BHD.,Malaysia,https://www.linkedin.com/in/omarkhamam,,SalesNav filter 11-50 or 51-200. Manual check needed for 10-100 band.,growth_or_people_language_in_profile,manual review needed,industry and founder role suggest possible fit; revenue not verified,manual recent activity check needed,"https://www.linkedin.com/sales/lead/ACwAAAYWrtMBQr-SIOtsOmOw4MenQHtc9SHz2mw,NAME_SEARCH,L2LN",85,Malaysia / ceo,"Founder led company in target size filter. Review for hiring, growth, or people process trigger before sending.",not checked against client DNC yet,READY_FOR_MANUAL_REVIEW,founder_or_senior_owner_title; growth_or_people_language_in_profile; linkedin_url_present,,"CEO at TECHNO SET |  Zoho Partner  |  
Unlock the potential of your digital operations (APAC & GCC) | EN/AR",,"WP. Kuala Lumpur, Federal Territory of Kuala Lumpur, Malaysia",ACwAAAYWrtMBQr-SIOtsOmOw4MenQHtc9SHz2mw
Nicolas Turnbull,Co-Founder,Agcelerex,Malaysia,https://www.linkedin.com/in/nicoturnbull,,SalesNav filter 11-50 or 51-200. Manual check needed for 10-100 band.,growth_or_people_language_in_profile,manual review needed,industry and founder role suggest possible fit; revenue not verified,manual recent activity check needed,"https://www.linkedin.com/sales/lead/ACwAAAZYIywBY-4SdXOTt2Pl6aUve56yt4iGXnU,NAME_SEARCH,9sxx",85,Malaysia / founder,"Founder led company in target size filter. Review for hiring, growth, or people process trigger before sending.",not checked against client DNC yet,READY_FOR_MANUAL_REVIEW,founder_or_senior_owner_title; growth_or_people_language_in_profile; linkedin_url_present,,"Plant breeder, AgTech entrepreneur",,"WP. Kuala Lumpur, Federal Territory of Kuala Lumpur, Malaysia",ACwAAAZYIywBY-4SdXOTt2Pl6aUve56yt4iGXnU
Nicholas Yeo,Founder & Actuary,Actomate,Malaysia,https://www.linkedin.com/in/nicholasyeocheelek,,SalesNav filter 11-50 or 51-200. Manual check needed for 10-100 band.,growth_or_people_language_in_profile,manual review needed,industry and founder role suggest possible fit; revenue not verified,manual recent activity check needed,"https://www.linkedin.com/sales/lead/ACwAABerk9IB5wtSPMcX2XSn1wQPuQlGIuaiCCI,NAME_SEARCH,wCxj",85,Malaysia / founder,"Founder led company in target size filter. Review for hiring, growth, or people process trigger before sending.",not checked against client DNC yet,READY_FOR_MANUAL_REVIEW,founder_or_senior_owner_title; growth_or_people_language_in_profile; linkedin_url_present,,Founder & Actuary at Actomate,,"Kuala Lumpur, Federal Territory of Kuala Lumpur, Malaysia",ACwAABerk9IB5wtSPMcX2XSn1wQPuQlGIuaiCCI
Nathanael Noiraud,Founder & CEO // Advisory & Consulting  ✔️ Growth Execution ✔️ Investment & Expansion ✔️ //,N-Strategy Consulting Services,Malaysia,https://www.linkedin.com/in/nathanael-noiraud-96b3b558,,SalesNav filter 11-50 or 51-200. Manual check needed for 10-100 band.,growth_or_people_language_in_profile,manual review needed,industry and founder role suggest possible fit; revenue not verified,manual recent activity check needed,"https://www.linkedin.com/sales/lead/ACwAAAwpRiMBykghU7JqYcaxPOyt6K7GPLfQNsY,NAME_SEARCH,QYc-",85,Malaysia / founder,"Founder led company in target size filter. Review for hiring, growth, or people process trigger before sending.",not checked against client DNC yet,READY_FOR_MANUAL_REVIEW,founder_or_senior_owner_title; growth_or_people_language_in_profile; linkedin_url_present,,Accelerating Tech companies’ international expansion | Entrepreneur | CEO | Multi-Asset Investor | Speaker | Mentor | Asia-Pacific,,"WP. Kuala Lumpur, Federal Territory of Kuala Lumpur, Malaysia",ACwAAAwpRiMBykghU7JqYcaxPOyt6K7GPLfQNsY
Nathan Mahalingam,Managing Director,LERN360.ai,Malaysia,https://www.linkedin.com/in/nathan-mahalingam,,SalesNav filter 11-50 or 51-200. Manual check needed for 10-100 band.,growth_or_people_language_in_profile,manual review needed,industry and founder role suggest possible fit; revenue not verified,manual recent activity check needed,"https://www.linkedin.com/sales/lead/ACwAAAU8dnABNftsGoqgfFtOJIJJXbrcYXwy-N0,NAME_SEARCH,SqTg",85,Malaysia / md_owner,"Founder led company in target size filter. Review for hiring, growth, or people process trigger before sending.",not checked against client DNC yet,READY_FOR_MANUAL_REVIEW,founder_or_senior_owner_title; growth_or_people_language_in_profile; linkedin_url_present,,"Managing Director at Mission Equities Sdn Bhd and ICMS Education Group Sdn Bhd.
Founder & President @lern360",,"Petaling Jaya, Selangor, Malaysia",ACwAAAU8dnABNftsGoqgfFtOJIJJXbrcYXwy-N0
Naman J.,Founder,BKK Tech Services,Malaysia,https://www.linkedin.com/in/namanj2019,,SalesNav filter 11-50 or 51-200. Manual check needed for 10-100 band.,growth_or_people_language_in_profile,manual review needed,industry and founder role suggest possible fit; revenue not verified,manual recent activity check needed,"https://www.linkedin.com/sales/lead/ACwAADUfb9IB3bwSdpt7q345w-cLBwSY1h9Ixj0,NAME_SEARCH,0fv2",85,Malaysia / founder,"Founder led company in target size filter. Review for hiring, growth, or people process trigger before sending.",not checked against client DNC yet,READY_FOR_MANUAL_REVIEW,founder_or_senior_owner_title; growth_or_people_language_in_profile; linkedin_url_present,,13K . CS ENGINEER . MARKET RESEARCH . GROWTH MARKETING . JLPT N2 . JAPANESE LANGUAGE,,"Tokyo, Tokyo, Japan",ACwAADUfb9IB3bwSdpt7q345w-cLBwSY1h9Ixj0
Mukesh Dhawan,Co-Founder,Surely.Digital,Malaysia,https://www.linkedin.com/in/mukesh-dhawan-152b611,,SalesNav filter 11-50 or 51-200. Manual check needed for 10-100 band.,growth_or_people_language_in_profile,manual review needed,industry and founder role suggest possible fit; revenue not verified,manual recent activity check needed,"https://www.linkedin.com/sales/lead/ACwAAABZQY4BYMChDokRQNfh6YqZdxgoPSCTJF0,NAME_SEARCH,1uS-",85,Malaysia / founder,"Founder led company in target size filter. Review for hiring, growth, or people process trigger before sending.",not checked against client DNC yet,READY_FOR_MANUAL_REVIEW,founder_or_senior_owner_title; growth_or_people_language_in_profile; linkedin_url_present,,Founder CEO | Angel Investor | Digital Trust | Insurance Marketplace & Ecosystem | Fintech Association of Malaysia | Zurich Group | AIA Group | AIG Worldwide| Aviva | ICICI Prudential ,,"Federal Territory of Kuala Lumpur, Malaysia",ACwAAABZQY4BYMChDokRQNfh6YqZdxgoPSCTJF0
Muh Rong Wong,Founder/Managing Director,Astramina Advisory Sdn Bhd,Malaysia,https://www.linkedin.com/in/muh-rong-wong-b4713635,,SalesNav filter 11-50 or 51-200. Manual check needed for 10-100 band.,growth_or_people_language_in_profile,manual review needed,industry and founder role suggest possible fit; revenue not verified,manual recent activity check needed,"https://www.linkedin.com/sales/lead/ACwAAAdQ_ecBT5Twyw799e2230FXNHRYZ5uwfU0,NAME_SEARCH,vd8l",85,Malaysia / md_owner,"Founder led company in target size filter. Review for hiring, growth, or people process trigger before sending.",not checked against client DNC yet,READY_FOR_MANUAL_REVIEW,founder_or_senior_owner_title; growth_or_people_language_in_profile; linkedin_url_present,,"Founder/Managing Director, Astramina Advisory Sdn Bhd",,"Kuala Lumpur, Federal Territory of Kuala Lumpur, Malaysia",ACwAAAdQ_ecBT5Twyw799e2230FXNHRYZ5uwfU0
Mohammed Al-Dailami,Managing Director,Simonix Digital Labs,Malaysia,https://www.linkedin.com/in/mohammed-al-dailami-30a044106,,SalesNav filter 11-50 or 51-200. Manual check needed for 10-100 band.,growth_or_people_language_in_profile,manual review needed,industry and founder role suggest possible fit; revenue not verified,manual recent activity check needed,"https://www.linkedin.com/sales/lead/ACwAABqzwLoBQJDop4WnAHFHOqFR8NcPGUjzTfE,NAME_SEARCH,cjJ2",85,Malaysia / md_owner,"Founder led company in target size filter. Review for hiring, growth, or people process trigger before sending.",not checked against client DNC yet,READY_FOR_MANUAL_REVIEW,founder_or_senior_owner_title; growth_or_people_language_in_profile; linkedin_url_present,,Founder and CEO at Simonix Digital Labs Sdn. Bhd,,"Shah Alam, Selangor, Malaysia",ACwAABqzwLoBQJDop4WnAHFHOqFR8NcPGUjzTfE
Mateusz Rybinski,Co-Founder,Cyber Fox App,Malaysia,https://www.linkedin.com/in/matrybinski,,SalesNav filter 11-50 or 51-200. Manual check needed for 10-100 band.,growth_or_people_language_in_profile,manual review needed,industry and founder role suggest possible fit; revenue not verified,manual recent activity check needed,"https://www.linkedin.com/sales/lead/ACwAAAfaqMsBfSsSwkfeL2z-QjkQ3Ci2Cs1e_Hc,NAME_SEARCH,c0uF",85,Malaysia / founder,"Founder led company in target size filter. Review for hiring, growth, or people process trigger before sending.",not checked against client DNC yet,READY_FOR_MANUAL_REVIEW,founder_or_senior_owner_title; growth_or_people_language_in_profile; linkedin_url_present,,Edtech Entrepreneur & EdTech Poland President ,,"Federal Territory of Kuala Lumpur, Malaysia",ACwAAAfaqMsBfSsSwkfeL2z-QjkQ3Ci2Cs1e_Hc
Malick A.,Managing Director,Equalenergie,Malaysia,https://www.linkedin.com/in/malick-aboobakar,,SalesNav filter 11-50 or 51-200. Manual check needed for 10-100 band.,growth_or_people_language_in_profile,manual review needed,industry and founder role suggest possible fit; revenue not verified,manual recent activity check needed,"https://www.linkedin.com/sales/lead/ACwAAAWgXSEBmn_VNhReJUjkLrVIwusvDbGJo-I,NAME_SEARCH,ti_Q",85,Malaysia / md_owner,"Founder led company in target size filter. Review for hiring, growth, or people process trigger before sending.",not checked against client DNC yet,READY_FOR_MANUAL_REVIEW,founder_or_senior_owner_title; growth_or_people_language_in_profile; linkedin_url_present,,"Managing Director, Equalenergie | Energy Transition & Digital Innovation | SEA Growth Strategist",,"Federal Territory of Kuala Lumpur, Malaysia",ACwAAAWgXSEBmn_VNhReJUjkLrVIwusvDbGJo-I
Madhuri G.,Founder and CEO,TrustChain Global,Malaysia,https://www.linkedin.com/in/govilkarmadhuri,,SalesNav filter 11-50 or 51-200. Manual check needed for 10-100 band.,growth_or_people_language_in_profile,manual review needed,industry and founder role suggest possible fit; revenue not verified,manual recent activity check needed,"https://www.linkedin.com/sales/lead/ACwAAAINDnkBT9rU4HDZlryOwszLu0HQD8RnecA,NAME_SEARCH,0KuD",85,Malaysia / founder,"Founder led company in target size filter. Review for hiring, growth, or people process trigger before sending.",not checked against client DNC yet,READY_FOR_MANUAL_REVIEW,founder_or_senior_owner_title; growth_or_people_language_in_profile; linkedin_url_present,,"Founder & CEO, TrustChain Global. We help global companies trust their suppliers in APAC.",,"WP. Kuala Lumpur, Federal Territory of Kuala Lumpur, Malaysia",ACwAAAINDnkBT9rU4HDZlryOwszLu0HQD8RnecA
M.Vijjayandran Manickavasagar,Managing Director - ASIA,Maxwell Rand,Malaysia,https://www.linkedin.com/in/m-vijjayandran-manickavasagar,,SalesNav filter 11-50 or 51-200. Manual check needed for 10-100 band.,growth_or_people_language_in_profile,manual review needed,industry and founder role suggest possible fit; revenue not verified,manual recent activity check needed,"https://www.linkedin.com/sales/lead/ACwAAANYpk0BVNQdZ4qmFUFomnYub20sw6QqjG0,NAME_SEARCH,uEMl",85,Malaysia / md_owner,"Founder led company in target size filter. Review for hiring, growth, or people process trigger before sending.",not checked against client DNC yet,READY_FOR_MANUAL_REVIEW,founder_or_senior_owner_title; growth_or_people_language_in_profile; linkedin_url_present,,"Managing Director @ Maxwell Rand | Data Cleanroom and AI Specialist 

(Representing a Team of Video AI Specialists dating back to 1986)",,"Ampang, Selangor, Malaysia",ACwAAANYpk0BVNQdZ4qmFUFomnYub20sw6QqjG0
Low Wan Xin 刘婉馨,Founder,Remote Work Malaysia,Malaysia,https://www.linkedin.com/in/lowwanxin,,SalesNav filter 11-50 or 51-200. Manual check needed for 10-100 band.,growth_or_people_language_in_profile,manual review needed,industry and founder role suggest possible fit; revenue not verified,manual recent activity check needed,"https://www.linkedin.com/sales/lead/ACwAAAOOnl0BtB2qbo2CGIffid5DUr6YT-i01Sk,NAME_SEARCH,o5VZ",85,Malaysia / founder,"Founder led company in target size filter. Review for hiring, growth, or people process trigger before sending.",not checked against client DNC yet,READY_FOR_MANUAL_REVIEW,founder_or_senior_owner_title; growth_or_people_language_in_profile; linkedin_url_present,,Founder of Remote Work Malaysia | Panel moderator on remote work,,"Banting, Selangor, Malaysia",ACwAAAOOnl0BtB2qbo2CGIffid5DUr6YT-i01Sk
Loganathan Suveraniam,Chief Executive Officer,Kanzun Ventures,Malaysia,https://www.linkedin.com/in/loganathan-suveraniam-764409164,,SalesNav filter 11-50 or 51-200. Manual check needed for 10-100 band.,growth_or_people_language_in_profile,manual review needed,industry and founder role suggest possible fit; revenue not verified,manual recent activity check needed,"https://www.linkedin.com/sales/lead/ACwAACc3MPwBOSqwy1nlf9w9wsyFk6lEoaeduYE,NAME_SEARCH,JmC5",85,Malaysia / ceo,"Founder led company in target size filter. Review for hiring, growth, or people process trigger before sending.",not checked against client DNC yet,READY_FOR_MANUAL_REVIEW,founder_or_senior_owner_title; growth_or_people_language_in_profile; linkedin_url_present,,"Chief Executive Officer @ Kanzun Ventures | Venture Capitalist, Fundraising, Early-stage, Growth Stage, M&A , IPO",,"Federal Territory of Kuala Lumpur, Malaysia",ACwAACc3MPwBOSqwy1nlf9w9wsyFk6lEoaeduYE
Lina Tan,Founder and Chief Content Officer,Red Communications Sdn Bhd,Malaysia,https://www.linkedin.com/in/lina-tan-393942bb,,SalesNav filter 11-50 or 51-200. Manual check needed for 10-100 band.,growth_or_people_language_in_profile,manual review needed,industry and founder role suggest possible fit; revenue not verified,manual recent activity check needed,"https://www.linkedin.com/sales/lead/ACwAABmW758B-WRXdPdwKQJ-LK6Jb30-iIEP0VI,NAME_SEARCH,CIVF",85,Malaysia / founder,"Founder led company in target size filter. Review for hiring, growth, or people process trigger before sending.",not checked against client DNC yet,READY_FOR_MANUAL_REVIEW,founder_or_senior_owner_title; growth_or_people_language_in_profile; linkedin_url_present,,"Founder, Producer, Chief Content Officer, Director",,"Selangor, Malaysia",ACwAABmW758B-WRXdPdwKQJ-LK6Jb30-iIEP0VI
Lance Cheang,"Founder, Managing Director",Vlan Technology Sdn Bhd,Malaysia,https://www.linkedin.com/in/lancecheangwc,,SalesNav filter 11-50 or 51-200. Manual check needed for 10-100 band.,growth_or_people_language_in_profile,manual review needed,industry and founder role suggest possible fit; revenue not verified,manual recent activity check needed,"https://www.linkedin.com/sales/lead/ACwAAA1N0yUB362Xu9IDPHbyX9mQRnCxgQJnwSw,NAME_SEARCH,huqJ",85,Malaysia / founder,"Founder led company in target size filter. Review for hiring, growth, or people process trigger before sending.",not checked against client DNC yet,READY_FOR_MANUAL_REVIEW,founder_or_senior_owner_title; growth_or_people_language_in_profile; linkedin_url_present,,"Your tech concierge for CX, CRM & ERP | stop losing customers to bad systems | Vlan.asia",,Greater Kuala Lumpur,ACwAAA1N0yUB362Xu9IDPHbyX9mQRnCxgQJnwSw
Koen van Gurp,Managing Director,TalentSquare Sdn Bhd,Malaysia,https://www.linkedin.com/in/kvgurp,,SalesNav filter 11-50 or 51-200. Manual check needed for 10-100 band.,growth_or_people_language_in_profile,manual review needed,industry and founder role suggest possible fit; revenue not verified,manual recent activity check needed,"https://www.linkedin.com/sales/lead/ACwAAABglB4BPLHxZsn56-BL-niH5tPCV8ZQ64g,NAME_SEARCH,UMWU",85,Malaysia / md_owner,"Founder led company in target size filter. Review for hiring, growth, or people process trigger before sending.",not checked against client DNC yet,READY_FOR_MANUAL_REVIEW,founder_or_senior_owner_title; growth_or_people_language_in_profile; linkedin_url_present,,Director / Passion for People & Organizations / APAC Talent Management / Board Member,,"Kuala Lumpur, Federal Territory of Kuala Lumpur, Malaysia",ACwAAABglB4BPLHxZsn56-BL-niH5tPCV8ZQ64g
"Kevin Brockland, CFA",Founder / Managing Partner,Indelible Ventures,Malaysia,https://www.linkedin.com/in/kbrockland,,SalesNav filter 11-50 or 51-200. Manual check needed for 10-100 band.,growth_or_people_language_in_profile,manual review needed,industry and founder role suggest possible fit; revenue not verified,manual recent activity check needed,"https://www.linkedin.com/sales/lead/ACwAAAECzAABO0ZfSUwx8IrTnu9yJVWbTHZf3nY,NAME_SEARCH,2X_D",85,Malaysia / founder,"Founder led company in target size filter. Review for hiring, growth, or people process trigger before sending.",not checked against client DNC yet,READY_FOR_MANUAL_REVIEW,founder_or_senior_owner_title; growth_or_people_language_in_profile; linkedin_url_present,,Founder & Managing Partner of Indelible Ventures,,Greater Kuala Lumpur,ACwAAAECzAABO0ZfSUwx8IrTnu9yJVWbTHZf3nY
Kenneth Tan,Founder and Managing Director,SPARKD Partners,Malaysia,https://www.linkedin.com/in/kennethtan19,,SalesNav filter 11-50 or 51-200. Manual check needed for 10-100 band.,growth_or_people_language_in_profile,manual review needed,industry and founder role suggest possible fit; revenue not verified,manual recent activity check needed,"https://www.linkedin.com/sales/lead/ACwAAAvtxUcBPzU2ue_JxATaP2lQxNbhl7I_bsA,NAME_SEARCH,9wZw",85,Malaysia / md_owner,"Founder led company in target size filter. Review for hiring, growth, or people process trigger before sending.",not checked against client DNC yet,READY_FOR_MANUAL_REVIEW,founder_or_senior_owner_title; growth_or_people_language_in_profile; linkedin_url_present,,Ex-Halliburton turned Founder and Managing Director at SPARKD Partners,,"Federal Territory of Kuala Lumpur, Malaysia",ACwAAAvtxUcBPzU2ue_JxATaP2lQxNbhl7I_bsA
Kenneth C.,Founder and Ceo,Nexor AI,Malaysia,https://www.linkedin.com/in/kenneth-cheah,,SalesNav filter 11-50 or 51-200. Manual check needed for 10-100 band.,growth_or_people_language_in_profile,manual review needed,industry and founder role suggest possible fit; revenue not verified,manual recent activity check needed,"https://www.linkedin.com/sales/lead/ACwAABohWecBcSUXKK56Bxjh634siXuKYvEQ9ms,NAME_SEARCH,4cGn",85,Malaysia / ceo,"Founder led company in target size filter. Review for hiring, growth, or people process trigger before sending.",not checked against client DNC yet,READY_FOR_MANUAL_REVIEW,founder_or_senior_owner_title; growth_or_people_language_in_profile; linkedin_url_present,,"Founder & CEO at Nexor AI | ASEAN’s AI Capability Stack Architect | AI Readiness, Training & Transformation for Enterprises | Pragmatic Techie",,Greater Kuala Lumpur,ACwAABohWecBcSUXKK56Bxjh634siXuKYvEQ9ms
Kati Ferry,Chief Executive Officer,EUROCHAM Malaysia,Malaysia,https://www.linkedin.com/in/kati-ferry,,SalesNav filter 11-50 or 51-200. Manual check needed for 10-100 band.,growth_or_people_language_in_profile,manual review needed,industry and founder role suggest possible fit; revenue not verified,manual recent activity check needed,"https://www.linkedin.com/sales/lead/ACwAACS_IokBHnMvpoO7hMiKdIMzfS6ZW8Vt-fo,NAME_SEARCH,KiW2",85,Malaysia / ceo,"Founder led company in target size filter. Review for hiring, growth, or people process trigger before sending.",not checked against client DNC yet,READY_FOR_MANUAL_REVIEW,founder_or_senior_owner_title; growth_or_people_language_in_profile; linkedin_url_present,,Chief Executive Officer | EUROCHAM Malaysia | EU–Malaysia Trade & Investment | Public–Private Dialogue | Advocacy & Strategic Growth for EU Businesses in Malaysia ,,"WP. Kuala Lumpur, Federal Territory of Kuala Lumpur, Malaysia",ACwAACS_IokBHnMvpoO7hMiKdIMzfS6ZW8Vt-fo
Karu Khoo,Country Managing Director,Creative Unicorn ,Malaysia,https://www.linkedin.com/in/karukhoo,,SalesNav filter 11-50 or 51-200. Manual check needed for 10-100 band.,growth_or_people_language_in_profile,manual review needed,industry and founder role suggest possible fit; revenue not verified,manual recent activity check needed,"https://www.linkedin.com/sales/lead/ACwAAAes468Br6DZniPSCinxdklxVC1iV0wVuoI,NAME_SEARCH,034w",85,Malaysia / md_owner,"Founder led company in target size filter. Review for hiring, growth, or people process trigger before sending.",not checked against client DNC yet,READY_FOR_MANUAL_REVIEW,founder_or_senior_owner_title; growth_or_people_language_in_profile; linkedin_url_present,,Country Head  / Commercial Director / People & Growth,,Malaysia,ACwAAAes468Br6DZniPSCinxdklxVC1iV0wVuoI
Kalaivani Nair,Founder & CEO,Citrusbytes,Malaysia,https://www.linkedin.com/in/kalaivani-nair,,SalesNav filter 11-50 or 51-200. Manual check needed for 10-100 band.,growth_or_people_language_in_profile,manual review needed,industry and founder role suggest possible fit; revenue not verified,manual recent activity check needed,"https://www.linkedin.com/sales/lead/ACwAACjO8fYB-g-Ix6EQSEBykDTOnP7Gb57UqKY,NAME_SEARCH,ZxaL",85,Malaysia / ceo,"Founder led company in target size filter. Review for hiring, growth, or people process trigger before sending.",not checked against client DNC yet,READY_FOR_MANUAL_REVIEW,founder_or_senior_owner_title; growth_or_people_language_in_profile; linkedin_url_present,,Founder & CEO of Citrusbytes,,"WP. Kuala Lumpur, Federal Territory of Kuala Lumpur, Malaysia",ACwAACjO8fYB-g-Ix6EQSEBykDTOnP7Gb57UqKY
KC Wong,Founder,OrangeFIN Asia Sdn Bhd,Malaysia,https://www.linkedin.com/in/kc-wong-74b2852b,,SalesNav filter 11-50 or 51-200. Manual check needed for 10-100 band.,growth_or_people_language_in_profile,manual review needed,industry and founder role suggest possible fit; revenue not verified,manual recent activity check needed,"https://www.linkedin.com/sales/lead/ACwAAAZE9esBvW3Bv9wUXNRfIa-1U6phwZvlXRY,NAME_SEARCH,Au22",85,Malaysia / founder,"Founder led company in target size filter. Review for hiring, growth, or people process trigger before sending.",not checked against client DNC yet,READY_FOR_MANUAL_REVIEW,founder_or_senior_owner_title; growth_or_people_language_in_profile; linkedin_url_present,,Chief Executive Officer at AsiaFIN Holdings Corp.,,"Kuala Lumpur, Federal Territory of Kuala Lumpur, Malaysia",ACwAAAZE9esBvW3Bv9wUXNRfIa-1U6phwZvlXRY
Jun Kit Mah,Co-Founder & CEO,BioLoop Sdn Bhd,Malaysia,https://www.linkedin.com/in/junkitmah,,SalesNav filter 11-50 or 51-200. Manual check needed for 10-100 band.,growth_or_people_language_in_profile,manual review needed,industry and founder role suggest possible fit; revenue not verified,manual recent activity check needed,"https://www.linkedin.com/sales/lead/ACwAABbV05cBImkB7Jct7PyPw4Rq5_LTR0LoLSY,NAME_SEARCH,JII7",85,Malaysia / founder,"Founder led company in target size filter. Review for hiring, growth, or people process trigger before sending.",not checked against client DNC yet,READY_FOR_MANUAL_REVIEW,founder_or_senior_owner_title; growth_or_people_language_in_profile; linkedin_url_present,,Co-Founder & CEO of BioLoop,,"WP. Kuala Lumpur, Federal Territory of Kuala Lumpur, Malaysia",ACwAABbV05cBImkB7Jct7PyPw4Rq5_LTR0LoLSY
Julius K.,Founder,Digital Assets Sdn Bhd,Malaysia,https://www.linkedin.com/in/juliuskew,,SalesNav filter 11-50 or 51-200. Manual check needed for 10-100 band.,growth_or_people_language_in_profile,manual review needed,industry and founder role suggest possible fit; revenue not verified,manual recent activity check needed,"https://www.linkedin.com/sales/lead/ACwAAC_5QyQBN5eL8l2pQsKka_yqRgWWOY1h89s,NAME_SEARCH,rkK1",85,Malaysia / founder,"Founder led company in target size filter. Review for hiring, growth, or people process trigger before sending.",not checked against client DNC yet,READY_FOR_MANUAL_REVIEW,founder_or_senior_owner_title; growth_or_people_language_in_profile; linkedin_url_present,,Access to Curated Investments for Investors | Capital Access Master Blueprint for Founders | Equity Crowdfunding | Real Digital Assets (RDA) | Early Token Offering via DEX | IPO via USA/HK/MY Markets | Bitcoin HODL,,"WP. Kuala Lumpur, Federal Territory of Kuala Lumpur, Malaysia",ACwAAC_5QyQBN5eL8l2pQsKka_yqRgWWOY1h89s
Jordi Pol Ramon,Founder & Managing Director,BCN Smart Technologies Sdn Bhd,Malaysia,https://www.linkedin.com/in/jordipolramon,,SalesNav filter 11-50 or 51-200. Manual check needed for 10-100 band.,growth_or_people_language_in_profile,manual review needed,industry and founder role suggest possible fit; revenue not verified,manual recent activity check needed,"https://www.linkedin.com/sales/lead/ACwAAAepvckB3JgLgZ21eRtff1TvROqu5QuC0lk,NAME_SEARCH,B2fZ",85,Malaysia / md_owner,"Founder led company in target size filter. Review for hiring, growth, or people process trigger before sending.",not checked against client DNC yet,READY_FOR_MANUAL_REVIEW,founder_or_senior_owner_title; growth_or_people_language_in_profile; linkedin_url_present,,Digital transformation & sustainable development I Board Member,,"Kuala Lumpur, Federal Territory of Kuala Lumpur, Malaysia",ACwAAAepvckB3JgLgZ21eRtff1TvROqu5QuC0lk
Johnson Goh,Co-Founder,Unearth,Malaysia,https://www.linkedin.com/in/johnsonunearth,,SalesNav filter 11-50 or 51-200. Manual check needed for 10-100 band.,growth_or_people_language_in_profile,manual review needed,industry and founder role suggest possible fit; revenue not verified,manual recent activity check needed,"https://www.linkedin.com/sales/lead/ACwAAAOQDU8BXo5HYxZj6QUQUPxA1P5VvFd3m_o,NAME_SEARCH,ltaM",85,Malaysia / founder,"Founder led company in target size filter. Review for hiring, growth, or people process trigger before sending.",not checked against client DNC yet,READY_FOR_MANUAL_REVIEW,founder_or_senior_owner_title; growth_or_people_language_in_profile; linkedin_url_present,,"Founder, MAIA — AI order management for SME distributors in MY/SEA | prev. built ERP from scratch running a RM5M wholesale used furniture business.",,"Federal Territory of Kuala Lumpur, Malaysia",ACwAAAOQDU8BXo5HYxZj6QUQUPxA1P5VvFd3m_o
Inbaraj Suppiah,Founder,Pixaworks Creative Sdn. Bhd.,Malaysia,https://www.linkedin.com/in/inbarajs,,SalesNav filter 11-50 or 51-200. Manual check needed for 10-100 band.,growth_or_people_language_in_profile,manual review needed,industry and founder role suggest possible fit; revenue not verified,manual recent activity check needed,"https://www.linkedin.com/sales/lead/ACwAABCugz4BljUYGOUFrPXSAmMLVT5FVKAzJBY,NAME_SEARCH,E5kp",85,Malaysia / founder,"Founder led company in target size filter. Review for hiring, growth, or people process trigger before sending.",not checked against client DNC yet,READY_FOR_MANUAL_REVIEW,founder_or_senior_owner_title; growth_or_people_language_in_profile; linkedin_url_present,,Empowering innovation & entrepreneurs in Malaysia. Tech entrepreneur & community builder.,,"WP. Kuala Lumpur, Federal Territory of Kuala Lumpur, Malaysia",ACwAABCugz4BljUYGOUFrPXSAmMLVT5FVKAzJBY
Idham Ismail,CEO and Co-Founder,Newmoon Capital,Malaysia,https://www.linkedin.com/in/idhamismail,,SalesNav filter 11-50 or 51-200. Manual check needed for 10-100 band.,growth_or_people_language_in_profile,manual review needed,industry and founder role suggest possible fit; revenue not verified,manual recent activity check needed,"https://www.linkedin.com/sales/lead/ACwAAAAQOrIBy2-x6LX4K77a6jMFm7otC8_VK-8,NAME_SEARCH,eOtC",85,Malaysia / founder,"Founder led company in target size filter. Review for hiring, growth, or people process trigger before sending.",not checked against client DNC yet,READY_FOR_MANUAL_REVIEW,founder_or_senior_owner_title; growth_or_people_language_in_profile; linkedin_url_present,,"Stewards, not speculators | PE investor, curious generalist, quiet builder",,Malaysia,ACwAAAAQOrIBy2-x6LX4K77a6jMFm7otC8_VK-8
Hari Kishan Yellanki,Founder,TAMSA Global,Malaysia,https://www.linkedin.com/in/harikishanyellanki,,SalesNav filter 11-50 or 51-200. Manual check needed for 10-100 band.,growth_or_people_language_in_profile,manual review needed,industry and founder role suggest possible fit; revenue not verified,manual recent activity check needed,"https://www.linkedin.com/sales/lead/ACwAAAObCCEBONJ1Tw2bQgi7inMSkzaJdaZCgMc,NAME_SEARCH,HCu6",85,Malaysia / founder,"Founder led company in target size filter. Review for hiring, growth, or people process trigger before sending.",not checked against client DNC yet,READY_FOR_MANUAL_REVIEW,founder_or_senior_owner_title; growth_or_people_language_in_profile; linkedin_url_present,,"Founder, Tamsa Global | APAC Affiliate Marketing Expert (D2C, Shopee, Lazada, TikTok Shop) | ex-WPP GroupM | MSA Specialist of the Year ’22",,"WP. Kuala Lumpur, Federal Territory of Kuala Lumpur, Malaysia",ACwAAAObCCEBONJ1Tw2bQgi7inMSkzaJdaZCgMc
Hamza El essawy,Co-Founder,Pixelence,Malaysia,https://www.linkedin.com/in/hamza-el-essawy,,SalesNav filter 11-50 or 51-200. Manual check needed for 10-100 band.,growth_or_people_language_in_profile,manual review needed,industry and founder role suggest possible fit; revenue not verified,manual recent activity check needed,"https://www.linkedin.com/sales/lead/ACwAABeKY3YB0s9LnPnZLVEOtSP7P6D5UJDK2kw,NAME_SEARCH,BhGT",85,Malaysia / founder,"Founder led company in target size filter. Review for hiring, growth, or people process trigger before sending.",not checked against client DNC yet,READY_FOR_MANUAL_REVIEW,founder_or_senior_owner_title; growth_or_people_language_in_profile; linkedin_url_present,,🇪🇬 Building | People First 🧘🏽,,"Selangor, Malaysia",ACwAABeKY3YB0s9LnPnZLVEOtSP7P6D5UJDK2kw
Halim Rahim,Founder & Creative Director,PILLARwerks,Malaysia,https://www.linkedin.com/in/halrah,,SalesNav filter 11-50 or 51-200. Manual check needed for 10-100 band.,growth_or_people_language_in_profile,manual review needed,industry and founder role suggest possible fit; revenue not verified,manual recent activity check needed,"https://www.linkedin.com/sales/lead/ACwAAAHXssoBC6D2wFWNnlyHAdgdKjYNFU2gZM4,NAME_SEARCH,sHzR",85,Malaysia / founder,"Founder led company in target size filter. Review for hiring, growth, or people process trigger before sending.",not checked against client DNC yet,READY_FOR_MANUAL_REVIEW,founder_or_senior_owner_title; growth_or_people_language_in_profile; linkedin_url_present,,Founder & Creative Director @ PILLARwerks | Our capabilities cover the full spectrum of professional creative and branding needs.,,"Petaling Jaya, Selangor, Malaysia",ACwAAAHXssoBC6D2wFWNnlyHAdgdKjYNFU2gZM4
Evelyn Chue,Managing Director,People Psyence®,Malaysia,https://www.linkedin.com/in/evelynchue,,SalesNav filter 11-50 or 51-200. Manual check needed for 10-100 band.,growth_or_people_language_in_profile,manual review needed,industry and founder role suggest possible fit; revenue not verified,manual recent activity check needed,"https://www.linkedin.com/sales/lead/ACwAAACwa7MB0jF1bLT6kaJz9wPuc_qU2C6nX8c,NAME_SEARCH,7cpn",85,Malaysia / md_owner,"Founder led company in target size filter. Review for hiring, growth, or people process trigger before sending.",not checked against client DNC yet,READY_FOR_MANUAL_REVIEW,founder_or_senior_owner_title; growth_or_people_language_in_profile; linkedin_url_present,,"Managing Director @ People Psyence® | BPS, EFPA Certified",,"Federal Territory of Kuala Lumpur, Malaysia",ACwAAACwa7MB0jF1bLT6kaJz9wPuc_qU2C6nX8c
Emily Lim,Managing Director,Bumble Bee Travel,Malaysia,https://www.linkedin.com/in/emily-lim-b4228524,,SalesNav filter 11-50 or 51-200. Manual check needed for 10-100 band.,growth_or_people_language_in_profile,manual review needed,industry and founder role suggest possible fit; revenue not verified,manual recent activity check needed,"https://www.linkedin.com/sales/lead/ACwAAAUGCCIBloUBcL_9xgZUqjKnyZzKYovAoO8,NAME_SEARCH,MaFO",85,Malaysia / md_owner,"Founder led company in target size filter. Review for hiring, growth, or people process trigger before sending.",not checked against client DNC yet,READY_FOR_MANUAL_REVIEW,founder_or_senior_owner_title; growth_or_people_language_in_profile; linkedin_url_present,,Business & Revenue Growth | Travel Tech | Customer Experience | Marketing | Top 40 Women to Watch,,"Kuala Lumpur, Federal Territory of Kuala Lumpur, Malaysia",ACwAAAUGCCIBloUBcL_9xgZUqjKnyZzKYovAoO8
Edrea Lee Yian Huay,Co-Founder and CEO,Vespid,Malaysia,https://www.linkedin.com/in/edrea-lee-yian-huay-b9ab1814a,,SalesNav filter 11-50 or 51-200. Manual check needed for 10-100 band.,growth_or_people_language_in_profile,manual review needed,industry and founder role suggest possible fit; revenue not verified,manual recent activity check needed,"https://www.linkedin.com/sales/lead/ACwAACQd8aYBUrKMqQAnWAsA4lGvaa4CJY8niJI,NAME_SEARCH,Hnss",85,Malaysia / ceo,"Founder led company in target size filter. Review for hiring, growth, or people process trigger before sending.",not checked against client DNC yet,READY_FOR_MANUAL_REVIEW,founder_or_senior_owner_title; growth_or_people_language_in_profile; linkedin_url_present,,Venture Building @ Vespid,,"Federal Territory of Kuala Lumpur, Malaysia",ACwAACQd8aYBUrKMqQAnWAsA4lGvaa4CJY8niJI
"Edmumd Tai CFP, RFP",Managing Director,Opulent Capital International Group,Malaysia,https://www.linkedin.com/in/edmumdtai,,SalesNav filter 11-50 or 51-200. Manual check needed for 10-100 band.,growth_or_people_language_in_profile,manual review needed,industry and founder role suggest possible fit; revenue not verified,manual recent activity check needed,"https://www.linkedin.com/sales/lead/ACwAAAS3h4AB6nv2BXBa_dXuGI6-Yj5qPfGLJRg,NAME_SEARCH,tPZZ",85,Malaysia / md_owner,"Founder led company in target size filter. Review for hiring, growth, or people process trigger before sending.",not checked against client DNC yet,READY_FOR_MANUAL_REVIEW,founder_or_senior_owner_title; growth_or_people_language_in_profile; linkedin_url_present,,Enterprise & Wealth Systems Architect for Business Leaders and Business Families | Building Structures That Endure Across Generations | Creator of the River–Lake–Reservoir™ Framework,,Greater Kuala Lumpur,ACwAAAS3h4AB6nv2BXBa_dXuGI6-Yj5qPfGLJRg
Ed Mun,Founder,S.U.A Interior Design,Malaysia,https://www.linkedin.com/in/edmun,,SalesNav filter 11-50 or 51-200. Manual check needed for 10-100 band.,growth_or_people_language_in_profile,manual review needed,industry and founder role suggest possible fit; revenue not verified,manual recent activity check needed,"https://www.linkedin.com/sales/lead/ACwAADnj0CIBMsK3ZPTTCM-vGylHcO7olj7AE5s,NAME_SEARCH,sNpA",85,Malaysia / founder,"Founder led company in target size filter. Review for hiring, growth, or people process trigger before sending.",not checked against client DNC yet,READY_FOR_MANUAL_REVIEW,founder_or_senior_owner_title; growth_or_people_language_in_profile; linkedin_url_present,,"Professor of Practice - Creative Industry Management | Founder of S.U.A Interior, Ed Mun Academy & Forum of Innovative Design Association (F-IND) | Interior Architecture | Book Author | #NoFreeDesignMovement",,"WP. Kuala Lumpur, Federal Territory of Kuala Lumpur, Malaysia",ACwAADnj0CIBMsK3ZPTTCM-vGylHcO7olj7AE5s
Dr. Zaharuddin A. Rahman,Founder,ShariahScreener.com,Malaysia,https://www.linkedin.com/in/drzaharuddin,,SalesNav filter 11-50 or 51-200. Manual check needed for 10-100 band.,growth_or_people_language_in_profile,manual review needed,industry and founder role suggest possible fit; revenue not verified,manual recent activity check needed,"https://www.linkedin.com/sales/lead/ACwAAADkXgYB6yBto1V7_aKH0KQPKS6DXLAlFb4,NAME_SEARCH,UqtQ",85,Malaysia / founder,"Founder led company in target size filter. Review for hiring, growth, or people process trigger before sending.",not checked against client DNC yet,READY_FOR_MANUAL_REVIEW,founder_or_senior_owner_title; growth_or_people_language_in_profile; linkedin_url_present,,CEO/Founder at Elzar Shariah & Technology Solution with expertise in Islamic Finance,,"WP. Kuala Lumpur, Federal Territory of Kuala Lumpur, Malaysia",ACwAAADkXgYB6yBto1V7_aKH0KQPKS6DXLAlFb4
Zouhair Abdul Khaliq,Founder & Managing Partner,Teamup Ventures,United Arab Emirates,https://www.linkedin.com/in/zouhairkhaliq,,SalesNav filter 11-50 or 51-200. Manual check needed for 10-100 band.,growth_or_people_language_in_profile,manual review needed,industry and founder role suggest possible fit; revenue not verified,manual recent activity check needed,"https://www.linkedin.com/sales/lead/ACwAAAAU7RYBeOs5ZyIXhXSDgZ5AYfULAc7oG1U,NAME_SEARCH,36GT",85,United Arab Emirates / md_owner,"Founder led company in target size filter. Review for hiring, growth, or people process trigger before sending.",not checked against client DNC yet,READY_FOR_MANUAL_REVIEW,founder_or_senior_owner_title; growth_or_people_language_in_profile; linkedin_url_present,,"Advisory and Non Executive Boards, CEO, Founder & Managing Partner Teamup Ventures, Kings Trust International, Former President & CEO Mobilink, Former Group COO Orascom Telecom, Former MD Mobile for Development, GSMA.",,United Arab Emirates,ACwAAAAU7RYBeOs5ZyIXhXSDgZ5AYfULAc7oG1U
Yusuf Hasan,Managing Director,INTEGER TRADERS PRIVATE LIMITED,United Arab Emirates,https://www.linkedin.com/in/yusufhasan,,SalesNav filter 11-50 or 51-200. Manual check needed for 10-100 band.,growth_or_people_language_in_profile,manual review needed,industry and founder role suggest possible fit; revenue not verified,manual recent activity check needed,"https://www.linkedin.com/sales/lead/ACwAAALQGkoBPoNx-nx88rBEA9SpS_dBvrq--KI,NAME_SEARCH,nC09",85,United Arab Emirates / md_owner,"Founder led company in target size filter. Review for hiring, growth, or people process trigger before sending.",not checked against client DNC yet,READY_FOR_MANUAL_REVIEW,founder_or_senior_owner_title; growth_or_people_language_in_profile; linkedin_url_present,,"Chairman & Founder, My Inbox Media® (CPaaS/Enterprise Communication) | Founder & CEO, MiMSphere.ai (Phygital - LED & Digital Signage) | Strategic Growth & Digital Innovation | Dubai, UAE | India | Global | yusufhasan.com",,"Dubai, United Arab Emirates",ACwAAALQGkoBPoNx-nx88rBEA9SpS_dBvrq--KI
Yannis Karipsiadis,CIO & Co-Founder,The Binary Holdings,United Arab Emirates,https://www.linkedin.com/in/ykaripsiadis,,SalesNav filter 11-50 or 51-200. Manual check needed for 10-100 band.,growth_or_people_language_in_profile,manual review needed,industry and founder role suggest possible fit; revenue not verified,manual recent activity check needed,"https://www.linkedin.com/sales/lead/ACwAAAAhZHEBqWnH_-eNtvLD7Y8VlGrZkOw3Tr4,NAME_SEARCH,IFIw",85,United Arab Emirates / founder,"Founder led company in target size filter. Review for hiring, growth, or people process trigger before sending.",not checked against client DNC yet,READY_FOR_MANUAL_REVIEW,founder_or_senior_owner_title; growth_or_people_language_in_profile; linkedin_url_present,,"Certified Advisory Board Chair | Helping Founders Scale to $30M–$100M | Fundraising · AI Transformation · Global Networks - Legacy Planning -


Binary Holdings Advisory Board: Web3 Mass Adoption and pre-IPO Opportunities",,"Dubai, United Arab Emirates",ACwAAAAhZHEBqWnH_-eNtvLD7Y8VlGrZkOw3Tr4
Wissam Sader,Founder / Lead 3D Visualizer / Architect,wissam sader studio,United Arab Emirates,https://www.linkedin.com/in/wissam-sader-791a2029,,SalesNav filter 11-50 or 51-200. Manual check needed for 10-100 band.,growth_or_people_language_in_profile,manual review needed,industry and founder role suggest possible fit; revenue not verified,manual recent activity check needed,"https://www.linkedin.com/sales/lead/ACwAAAYGLl0B1RQ7WVnQkSBVPFaCAwbzDTbhGpI,NAME_SEARCH,lrrt",85,United Arab Emirates / founder,"Founder led company in target size filter. Review for hiring, growth, or people process trigger before sending.",not checked against client DNC yet,READY_FOR_MANUAL_REVIEW,founder_or_senior_owner_title; growth_or_people_language_in_profile; linkedin_url_present,,"Senior CGI, Architect at nabil gholam architects | Director, Lead 3D Visualizer, Architect, Designer at Wissam Sader Studio | Masters of Design Science Digital Media, Bachelor in architectural engineering",,"Abu Dhabi Emirate, United Arab Emirates",ACwAAAYGLl0B1RQ7WVnQkSBVPFaCAwbzDTbhGpI
Wassim Karkabi,Founder & Executive Chairman,GLOBAL BOARD INSTITUTE,United Arab Emirates,https://www.linkedin.com/in/wassimkarkabi,,SalesNav filter 11-50 or 51-200. Manual check needed for 10-100 band.,growth_or_people_language_in_profile,manual review needed,industry and founder role suggest possible fit; revenue not verified,manual recent activity check needed,"https://www.linkedin.com/sales/lead/ACwAAABvUBwBkb5gTp6B2QolNba9ic90zoLaZ4c,NAME_SEARCH,WnQD",85,United Arab Emirates / ceo,"Founder led company in target size filter. Review for hiring, growth, or people process trigger before sending.",not checked against client DNC yet,READY_FOR_MANUAL_REVIEW,founder_or_senior_owner_title; growth_or_people_language_in_profile; linkedin_url_present,,"Non-Executive Board Director, Founder, Investor, CEO, Managing Partner  | Helping Leaders & Businesses Grow | Governance, Leadership & Culture.",,"Dubai, United Arab Emirates",ACwAAABvUBwBkb5gTp6B2QolNba9ic90zoLaZ4c
Wael A.,Founder & CEO,Fikra Ventures,United Arab Emirates,https://www.linkedin.com/in/waelaburida,,SalesNav filter 11-50 or 51-200. Manual check needed for 10-100 band.,growth_or_people_language_in_profile,manual review needed,industry and founder role suggest possible fit; revenue not verified,manual recent activity check needed,"https://www.linkedin.com/sales/lead/ACwAAAAQDi0BB1Zgv85h6oEQKZOYO0u7a_2XpYY,NAME_SEARCH,5zj7",85,United Arab Emirates / founder,"Founder led company in target size filter. Review for hiring, growth, or people process trigger before sending.",not checked against client DNC yet,READY_FOR_MANUAL_REVIEW,founder_or_senior_owner_title; growth_or_people_language_in_profile; linkedin_url_present,,"Founder & Managing Partner, Fikra Ventures · Non-Executive Director",,United Arab Emirates,ACwAAAAQDi0BB1Zgv85h6oEQKZOYO0u7a_2XpYY
Tony Evans,Founder,ONV.ai,United Arab Emirates,https://www.linkedin.com/in/thetonyevans,,SalesNav filter 11-50 or 51-200. Manual check needed for 10-100 band.,growth_or_people_language_in_profile,manual review needed,industry and founder role suggest possible fit; revenue not verified,manual recent activity check needed,"https://www.linkedin.com/sales/lead/ACwAACJ_ESMB6jPjmFDOvl31flcMR-G_GXk5pzQ,NAME_SEARCH,lwmP",85,United Arab Emirates / founder,"Founder led company in target size filter. Review for hiring, growth, or people process trigger before sending.",not checked against client DNC yet,READY_FOR_MANUAL_REVIEW,founder_or_senior_owner_title; growth_or_people_language_in_profile; linkedin_url_present,,"I help teams get data fit for duty, make AI pull its weight and use psychology to help people and machines work as one sharper, future-ready mind.",,"Dubai, United Arab Emirates",ACwAACJ_ESMB6jPjmFDOvl31flcMR-G_GXk5pzQ
Tina Blanc,Co-founder Heyeveryone.io,Hey Everyone,United Arab Emirates,https://www.linkedin.com/in/tina-blanc-unicorn,,SalesNav filter 11-50 or 51-200. Manual check needed for 10-100 band.,growth_or_people_language_in_profile,manual review needed,industry and founder role suggest possible fit; revenue not verified,manual recent activity check needed,"https://www.linkedin.com/sales/lead/ACwAAAr7V5QBYTVD2pKMltm32FJ_3173kupuBM8,NAME_SEARCH,JTkf",85,United Arab Emirates / founder,"Founder led company in target size filter. Review for hiring, growth, or people process trigger before sending.",not checked against client DNC yet,READY_FOR_MANUAL_REVIEW,founder_or_senior_owner_title; growth_or_people_language_in_profile; linkedin_url_present,,Tech entrepreneur,,"Dubai, United Arab Emirates",ACwAAAr7V5QBYTVD2pKMltm32FJ_3173kupuBM8
Timin Roy,Founder,LIVENserv,United Arab Emirates,https://www.linkedin.com/in/timinroy,,SalesNav filter 11-50 or 51-200. Manual check needed for 10-100 band.,growth_or_people_language_in_profile,manual review needed,industry and founder role suggest possible fit; revenue not verified,manual recent activity check needed,"https://www.linkedin.com/sales/lead/ACwAAAxiPlYBN8Pidnb9p7jDTwXNuh0sXz9KTDU,NAME_SEARCH,k4kA",85,United Arab Emirates / founder,"Founder led company in target size filter. Review for hiring, growth, or people process trigger before sending.",not checked against client DNC yet,READY_FOR_MANUAL_REVIEW,founder_or_senior_owner_title; growth_or_people_language_in_profile; linkedin_url_present,,AI Leader | Founder – LIVENserv | B2B Lead Generation for Exhibitions and Industrial Companies | Ex-Amazon | Ex-McAfee,,"Dubai, United Arab Emirates",ACwAAAxiPlYBN8Pidnb9p7jDTwXNuh0sXz9KTDU
Syed Danial,Founder & CEO,Critonyx,United Arab Emirates,https://www.linkedin.com/in/syeddanialtechsales,,SalesNav filter 11-50 or 51-200. Manual check needed for 10-100 band.,growth_or_people_language_in_profile,manual review needed,industry and founder role suggest possible fit; revenue not verified,manual recent activity check needed,"https://www.linkedin.com/sales/lead/ACwAAERKO7sBdmoXlfctqiqlHYLg6FS5Ym4PHec,NAME_SEARCH,KY78",85,United Arab Emirates / ceo,"Founder led company in target size filter. Review for hiring, growth, or people process trigger before sending.",not checked against client DNC yet,READY_FOR_MANUAL_REVIEW,founder_or_senior_owner_title; growth_or_people_language_in_profile; linkedin_url_present,,"Here we build the business, the code is meant to serve. Founder @ Critonyx",,"Dubai, United Arab Emirates",ACwAAERKO7sBdmoXlfctqiqlHYLg6FS5Ym4PHec
Suresh Rowvey,Founder & CEO,Meridian Management Consultancy,United Arab Emirates,https://www.linkedin.com/in/suresh-rowvey-0212662a,,SalesNav filter 11-50 or 51-200. Manual check needed for 10-100 band.,growth_or_people_language_in_profile,manual review needed,industry and founder role suggest possible fit; revenue not verified,manual recent activity check needed,"https://www.linkedin.com/sales/lead/ACwAAAYWxpkBKq4E0tak8ACp32brKYLjnO8oTb4,NAME_SEARCH,x2-F",85,United Arab Emirates / founder,"Founder led company in target size filter. Review for hiring, growth, or people process trigger before sending.",not checked against client DNC yet,READY_FOR_MANUAL_REVIEW,founder_or_senior_owner_title; growth_or_people_language_in_profile; linkedin_url_present,,Founder & CEO at Meridian Management Consultancy,,United Arab Emirates,ACwAAAYWxpkBKq4E0tak8ACp32brKYLjnO8oTb4
Stanislav Semenov,Founder / CEO,Eqvilent,United Arab Emirates,https://www.linkedin.com/in/stasg7,,SalesNav filter 11-50 or 51-200. Manual check needed for 10-100 band.,growth_or_people_language_in_profile,manual review needed,industry and founder role suggest possible fit; revenue not verified,manual recent activity check needed,"https://www.linkedin.com/sales/lead/ACwAAA9zGKcBtgWaRW6ozR1rYNOEBLxo0a8keLY,NAME_SEARCH,a-3v",85,United Arab Emirates / founder,"Founder led company in target size filter. Review for hiring, growth, or people process trigger before sending.",not checked against client DNC yet,READY_FOR_MANUAL_REVIEW,founder_or_senior_owner_title; growth_or_people_language_in_profile; linkedin_url_present,,Quant,,"Dubai, United Arab Emirates",ACwAAA9zGKcBtgWaRW6ozR1rYNOEBLxo0a8keLY
Sohail Asgher,Founder & CEO at Techhive.ai | ♾DevOps Specialist | 📈 Performance & Growth Marketing Expert,TechHive.ai,United Arab Emirates,https://www.linkedin.com/in/sohaildevops,,SalesNav filter 11-50 or 51-200. Manual check needed for 10-100 band.,growth_or_people_language_in_profile,manual review needed,industry and founder role suggest possible fit; revenue not verified,manual recent activity check needed,"https://www.linkedin.com/sales/lead/ACwAAAoArlsBgzlhJSHCYX8j1P3VqQnt58Sh8bU,NAME_SEARCH,2whV",85,United Arab Emirates / founder,"Founder led company in target size filter. Review for hiring, growth, or people process trigger before sending.",not checked against client DNC yet,READY_FOR_MANUAL_REVIEW,founder_or_senior_owner_title; growth_or_people_language_in_profile; linkedin_url_present,,Founder & CEO at Techhive.ai | ♾DevOps Specialist | 📈 Performance & Growth Marketing Expert,,"Dubai, United Arab Emirates",ACwAAAoArlsBgzlhJSHCYX8j1P3VqQnt58Sh8bU
Sejal Nagjee,Founder & Principal Designer | Milestone ,Milestone Dubai,United Arab Emirates,https://www.linkedin.com/in/sejalnagjee,,SalesNav filter 11-50 or 51-200. Manual check needed for 10-100 band.,growth_or_people_language_in_profile,manual review needed,industry and founder role suggest possible fit; revenue not verified,manual recent activity check needed,"https://www.linkedin.com/sales/lead/ACwAAATbY-sBYUqO611lhRag2-_RxJeyR3OSks0,NAME_SEARCH,mDH1",85,United Arab Emirates / founder,"Founder led company in target size filter. Review for hiring, growth, or people process trigger before sending.",not checked against client DNC yet,READY_FOR_MANUAL_REVIEW,founder_or_senior_owner_title; growth_or_people_language_in_profile; linkedin_url_present,,"Luxury Space Designer | Private Villas, Penthouses & Estates | Founder, Milestone",,"Dubai, United Arab Emirates",ACwAAATbY-sBYUqO611lhRag2-_RxJeyR3OSks0
Sanjiv Purushotham,Founder and CEO,Bridge Solutions,United Arab Emirates,https://www.linkedin.com/in/sanjivpurushotham,,SalesNav filter 11-50 or 51-200. Manual check needed for 10-100 band.,growth_or_people_language_in_profile,manual review needed,industry and founder role suggest possible fit; revenue not verified,manual recent activity check needed,"https://www.linkedin.com/sales/lead/ACwAAAAhA-0BXhRvGiIS6vKjcGse2G1J74sWYRo,NAME_SEARCH,SqrG",85,United Arab Emirates / ceo,"Founder led company in target size filter. Review for hiring, growth, or people process trigger before sending.",not checked against client DNC yet,READY_FOR_MANUAL_REVIEW,founder_or_senior_owner_title; growth_or_people_language_in_profile; linkedin_url_present,,"Founder & CEO @ Bridge Solutions | Digital-first financial services for banks & FIs | Connecting B2B supply & demand for financial services related products across GCC, MENA, & Asia",,"Dubai, United Arab Emirates",ACwAAAAhA-0BXhRvGiIS6vKjcGse2G1J74sWYRo
Sameer Saleem,Founder & CEO,JobsterX,United Arab Emirates,https://www.linkedin.com/in/connect-sameer-saleem,,SalesNav filter 11-50 or 51-200. Manual check needed for 10-100 band.,growth_or_people_language_in_profile,manual review needed,industry and founder role suggest possible fit; revenue not verified,manual recent activity check needed,"https://www.linkedin.com/sales/lead/ACwAABdAvowB9zZQd-Qod_P7JCTkEOd8zazWkyg,NAME_SEARCH,ef9Z",85,United Arab Emirates / founder,"Founder led company in target size filter. Review for hiring, growth, or people process trigger before sending.",not checked against client DNC yet,READY_FOR_MANUAL_REVIEW,founder_or_senior_owner_title; growth_or_people_language_in_profile; linkedin_url_present,,Founder & CEO at JobsterX | Building AI Career-Tech Solutions | Dubai-it Mindset: Scaling Innovation from UAE to Global Markets,,"Dubai, United Arab Emirates",ACwAABdAvowB9zZQd-Qod_P7JCTkEOd8zazWkyg
Saeed Al Shamsi,Co-Founder & Board Member,Bedaya,United Arab Emirates,https://www.linkedin.com/in/saeed203x,,SalesNav filter 11-50 or 51-200. Manual check needed for 10-100 band.,growth_or_people_language_in_profile,manual review needed,industry and founder role suggest possible fit; revenue not verified,manual recent activity check needed,"https://www.linkedin.com/sales/lead/ACwAACetEoUBbVnac5fv9OLlF4WeIBAOAAZYEbE,NAME_SEARCH,3vjG",85,United Arab Emirates / founder,"Founder led company in target size filter. Review for hiring, growth, or people process trigger before sending.",not checked against client DNC yet,READY_FOR_MANUAL_REVIEW,founder_or_senior_owner_title; growth_or_people_language_in_profile; linkedin_url_present,,"Chairman of EXHub Holding | Architect of Sovereign Partnerships, Strategic Capital & Global Trade Ecosystems",,"Abu Dhabi Emirate, United Arab Emirates",ACwAACetEoUBbVnac5fv9OLlF4WeIBAOAAZYEbE
Ruchi Rathor,Founder,Raise Money,United Arab Emirates,https://www.linkedin.com/in/ruchirathor12,,SalesNav filter 11-50 or 51-200. Manual check needed for 10-100 band.,growth_or_people_language_in_profile,manual review needed,industry and founder role suggest possible fit; revenue not verified,manual recent activity check needed,"https://www.linkedin.com/sales/lead/ACwAAAE5ufMBae5QK5qHaf3iv_2pQ9Ur0FwMHXY,NAME_SEARCH,ztvg",85,United Arab Emirates / founder,"Founder led company in target size filter. Review for hiring, growth, or people process trigger before sending.",not checked against client DNC yet,READY_FOR_MANUAL_REVIEW,founder_or_senior_owner_title; growth_or_people_language_in_profile; linkedin_url_present,,"💡 FinTech Visionary | TEDx Speaker | Global Payments Strategist | Women in Tech Advocate | Driving Innovation, Inclusion & Impact",,"Dubai, United Arab Emirates",ACwAAAE5ufMBae5QK5qHaf3iv_2pQ9Ur0FwMHXY
Rooshi H Rasheed,Founder,Healing Space,United Arab Emirates,https://www.linkedin.com/in/rooshi-h-rasheed-424a8b,,SalesNav filter 11-50 or 51-200. Manual check needed for 10-100 band.,growth_or_people_language_in_profile,manual review needed,industry and founder role suggest possible fit; revenue not verified,manual recent activity check needed,"https://www.linkedin.com/sales/lead/ACwAAAAozJwB-1GTw8ou_kagirnlIEH51Xaj7q8,NAME_SEARCH,IpUo",85,United Arab Emirates / founder,"Founder led company in target size filter. Review for hiring, growth, or people process trigger before sending.",not checked against client DNC yet,READY_FOR_MANUAL_REVIEW,founder_or_senior_owner_title; growth_or_people_language_in_profile; linkedin_url_present,,Clinical Psychologist & Transformation Strategist | Corporate Workshops & Leadership Resilience | India & UAE,,"Dubai, United Arab Emirates",ACwAAAAozJwB-1GTw8ou_kagirnlIEH51Xaj7q8
Roman K.,Co-Founder & CTO,WalletSuite,United Arab Emirates,https://www.linkedin.com/in/rkokhatskyi,,SalesNav filter 11-50 or 51-200. Manual check needed for 10-100 band.,growth_or_people_language_in_profile,manual review needed,industry and founder role suggest possible fit; revenue not verified,manual recent activity check needed,"https://www.linkedin.com/sales/lead/ACwAACOdGBoBqXaxsK6w26Pggi4Sxf6VOj3RAes,NAME_SEARCH,GGSD",85,United Arab Emirates / founder,"Founder led company in target size filter. Review for hiring, growth, or people process trigger before sending.",not checked against client DNC yet,READY_FOR_MANUAL_REVIEW,founder_or_senior_owner_title; growth_or_people_language_in_profile; linkedin_url_present,,Co-Founder and CTO @WalletSuite | ex-Binance,,"Dubai, United Arab Emirates",ACwAACOdGBoBqXaxsK6w26Pggi4Sxf6VOj3RAes
Robin Joffe,CEO-Founder ,NXT Horizon,United Arab Emirates,https://www.linkedin.com/in/robinjoffe,,SalesNav filter 11-50 or 51-200. Manual check needed for 10-100 band.,growth_or_people_language_in_profile,manual review needed,industry and founder role suggest possible fit; revenue not verified,manual recent activity check needed,"https://www.linkedin.com/sales/lead/ACwAAAAMpNsBZl1byZlTmbWj8-LT7q6MjK61k2g,NAME_SEARCH,RREI",85,United Arab Emirates / founder,"Founder led company in target size filter. Review for hiring, growth, or people process trigger before sending.",not checked against client DNC yet,READY_FOR_MANUAL_REVIEW,founder_or_senior_owner_title; growth_or_people_language_in_profile; linkedin_url_present,,CEO-Founder  NXT Horizon,,"Dubai, United Arab Emirates",ACwAAAAMpNsBZl1byZlTmbWj8-LT7q6MjK61k2g
Rob Hayes,CEO & Founder,Eirnova,United Arab Emirates,https://www.linkedin.com/in/rob-hayes-ai,,SalesNav filter 11-50 or 51-200. Manual check needed for 10-100 band.,growth_or_people_language_in_profile,manual review needed,industry and founder role suggest possible fit; revenue not verified,manual recent activity check needed,"https://www.linkedin.com/sales/lead/ACwAAAn2UB4Bl9xCZy203oMT1NJ9KpR1iAbLYcw,NAME_SEARCH,k2pS",85,United Arab Emirates / founder,"Founder led company in target size filter. Review for hiring, growth, or people process trigger before sending.",not checked against client DNC yet,READY_FOR_MANUAL_REVIEW,founder_or_senior_owner_title; growth_or_people_language_in_profile; linkedin_url_present,,"Founder & CEO, Eirnova | AI Strategy & Business Transformation Partner | Helping GCC Enterprises Move from AI Uncertainty to Scalable, Measurable Impact via Generative AI Roadmaps, Pilots & Governance",,"Dubai, United Arab Emirates",ACwAAAn2UB4Bl9xCZy203oMT1NJ9KpR1iAbLYcw
Richard McNally,Founder and Managing Director,Symmetry Group,United Arab Emirates,https://www.linkedin.com/in/richard-mcnally-14240147,,SalesNav filter 11-50 or 51-200. Manual check needed for 10-100 band.,growth_or_people_language_in_profile,manual review needed,industry and founder role suggest possible fit; revenue not verified,manual recent activity check needed,"https://www.linkedin.com/sales/lead/ACwAAAnZJ4IBAy-0PgbymmNPRwlg8HkhpcKC72o,NAME_SEARCH,tuit",85,United Arab Emirates / md_owner,"Founder led company in target size filter. Review for hiring, growth, or people process trigger before sending.",not checked against client DNC yet,READY_FOR_MANUAL_REVIEW,founder_or_senior_owner_title; growth_or_people_language_in_profile; linkedin_url_present,,Managing Director - Symmetry Group - Developing and financing Nature based solutions,,"Dubai, United Arab Emirates",ACwAAAnZJ4IBAy-0PgbymmNPRwlg8HkhpcKC72o
Reece Warren,Founder,Nameless Ventures EMEA,United Arab Emirates,https://www.linkedin.com/in/reece-warren,,SalesNav filter 11-50 or 51-200. Manual check needed for 10-100 band.,growth_or_people_language_in_profile,manual review needed,industry and founder role suggest possible fit; revenue not verified,manual recent activity check needed,"https://www.linkedin.com/sales/lead/ACwAAB6sFCwBYM_CKnw2tuYU3cTfXwXQWVAxmPk,NAME_SEARCH,r3Q1",85,United Arab Emirates / founder,"Founder led company in target size filter. Review for hiring, growth, or people process trigger before sending.",not checked against client DNC yet,READY_FOR_MANUAL_REVIEW,founder_or_senior_owner_title; growth_or_people_language_in_profile; linkedin_url_present,,Founder @ Nameless Ventures | Hiring for companies that you've not heard of. Yet.,,"Dubai, United Arab Emirates",ACwAAB6sFCwBYM_CKnw2tuYU3cTfXwXQWVAxmPk
Rami Chedid,Founder & CEO,360Basirah,United Arab Emirates,https://www.linkedin.com/in/rami-chedid-18ab5210b,,SalesNav filter 11-50 or 51-200. Manual check needed for 10-100 band.,growth_or_people_language_in_profile,manual review needed,industry and founder role suggest possible fit; revenue not verified,manual recent activity check needed,"https://www.linkedin.com/sales/lead/ACwAABvBl3oB4g_XlrCRcK5hsxFemz9h5EE4kbk,NAME_SEARCH,qxCA",85,United Arab Emirates / ceo,"Founder led company in target size filter. Review for hiring, growth, or people process trigger before sending.",not checked against client DNC yet,READY_FOR_MANUAL_REVIEW,founder_or_senior_owner_title; growth_or_people_language_in_profile; linkedin_url_present,,Founder & CEO | 360Basirah & RDC Partners | Ex-Banking CEO | Ex-Fintech CEO | Building the Future of Credit Intelligence | 20+ Years Leadership | Harvard Business School Online,,"Dubai, United Arab Emirates",ACwAABvBl3oB4g_XlrCRcK5hsxFemz9h5EE4kbk
Rahim Haji (UXC),Founder at User Centric (UX strategy and design),User Centric,United Arab Emirates,https://www.linkedin.com/in/rahimwaljihaji,,SalesNav filter 11-50 or 51-200. Manual check needed for 10-100 band.,growth_or_people_language_in_profile,manual review needed,industry and founder role suggest possible fit; revenue not verified,manual recent activity check needed,"https://www.linkedin.com/sales/lead/ACwAAAA6ntwBCW_1iwCkrsSZgRjK51hagrxO6xM,NAME_SEARCH,lnUK",85,United Arab Emirates / founder,"Founder led company in target size filter. Review for hiring, growth, or people process trigger before sending.",not checked against client DNC yet,READY_FOR_MANUAL_REVIEW,founder_or_senior_owner_title; growth_or_people_language_in_profile; linkedin_url_present,,"Digital Experience Leader | UX, CX & Service Design | Scaling Customer Centric Platforms",,"Dubai, United Arab Emirates",ACwAAAA6ntwBCW_1iwCkrsSZgRjK51hagrxO6xM
Qurat ul Ann Iqbal,Co-Founder | Professional Resume Writer | Head of Content (Content Marketer & Strategist),FRJ Digitals,United Arab Emirates,https://www.linkedin.com/in/quratulann-iqbal,,SalesNav filter 11-50 or 51-200. Manual check needed for 10-100 band.,growth_or_people_language_in_profile,manual review needed,industry and founder role suggest possible fit; revenue not verified,manual recent activity check needed,"https://www.linkedin.com/sales/lead/ACwAAAf8PtwBmYZL5NbFCjq4Ndv9w-zz5beiwCw,NAME_SEARCH,gkwv",85,United Arab Emirates / founder,"Founder led company in target size filter. Review for hiring, growth, or people process trigger before sending.",not checked against client DNC yet,READY_FOR_MANUAL_REVIEW,founder_or_senior_owner_title; growth_or_people_language_in_profile; linkedin_url_present,,Executive Resume Writer for busy CXOs and Directors | ATS-Optimized CVs Positioning YOU for Success | LinkedIn Transformation Expert | Trusted by 160+ Corporate Leaders Across 4 Continents,,"Dubai, United Arab Emirates",ACwAAAf8PtwBmYZL5NbFCjq4Ndv9w-zz5beiwCw
Pelvi Nanda,Founder and Creative Director,Diamonds By Pelvi,United Arab Emirates,https://www.linkedin.com/in/pelvi-nanda-8744a1319,,SalesNav filter 11-50 or 51-200. Manual check needed for 10-100 band.,growth_or_people_language_in_profile,manual review needed,industry and founder role suggest possible fit; revenue not verified,manual recent activity check needed,"https://www.linkedin.com/sales/lead/ACwAAFCyNZgBTBD9uuO-gUJORB5Ho5EvV4gVmNg,NAME_SEARCH,sOTs",85,United Arab Emirates / founder,"Founder led company in target size filter. Review for hiring, growth, or people process trigger before sending.",not checked against client DNC yet,READY_FOR_MANUAL_REVIEW,founder_or_senior_owner_title; growth_or_people_language_in_profile; linkedin_url_present,,Custom Design Specialist | Affordable Luxury Focused | Personalised Service | Exclusive Private Consultations | Founder of 2 Jewellery Brands,,"Dubai, Dubai, United Arab Emirates",ACwAAFCyNZgBTBD9uuO-gUJORB5Ho5EvV4gVmNg
Paul Houlsby,CEO and Founder,The Perfume Movement,United Arab Emirates,https://www.linkedin.com/in/paul-houlsby,,SalesNav filter 11-50 or 51-200. Manual check needed for 10-100 band.,growth_or_people_language_in_profile,manual review needed,industry and founder role suggest possible fit; revenue not verified,manual recent activity check needed,"https://www.linkedin.com/sales/lead/ACwAAAVJOhQBNmE6MHDcMZMwDIK9tdR4XK9-_Uk,NAME_SEARCH,Ph1H",85,United Arab Emirates / founder,"Founder led company in target size filter. Review for hiring, growth, or people process trigger before sending.",not checked against client DNC yet,READY_FOR_MANUAL_REVIEW,founder_or_senior_owner_title; growth_or_people_language_in_profile; linkedin_url_present,,CEO and Founder at The Perfume Movement,,"Dubai, United Arab Emirates",ACwAAAVJOhQBNmE6MHDcMZMwDIK9tdR4XK9-_Uk
Patrice Evra,Owner,I Love This Game,United Arab Emirates,https://www.linkedin.com/in/patriceevra,,SalesNav filter 11-50 or 51-200. Manual check needed for 10-100 band.,growth_or_people_language_in_profile,manual review needed,industry and founder role suggest possible fit; revenue not verified,manual recent activity check needed,"https://www.linkedin.com/sales/lead/ACwAAENCYE8B65P6IeIuagY_kviXvfqDYAKZulI,NAME_SEARCH,Dr-F",85,United Arab Emirates / md_owner,"Founder led company in target size filter. Review for hiring, growth, or people process trigger before sending.",not checked against client DNC yet,READY_FOR_MANUAL_REVIEW,founder_or_senior_owner_title; growth_or_people_language_in_profile; linkedin_url_present,,Investor & Entrepreneur | Author & Speaker | Activist | Building Beyond Football | Former Professional Footballer,,"Dubai, United Arab Emirates",ACwAAENCYE8B65P6IeIuagY_kviXvfqDYAKZulI
Paola Ogliari,Founder,NEXTBIG,United Arab Emirates,https://www.linkedin.com/in/paolaogliari,,SalesNav filter 11-50 or 51-200. Manual check needed for 10-100 band.,growth_or_people_language_in_profile,manual review needed,industry and founder role suggest possible fit; revenue not verified,manual recent activity check needed,"https://www.linkedin.com/sales/lead/ACwAABDfJSoBE5GHd0dobozIIZ9kykBvn_xqtQM,NAME_SEARCH,c-JS",85,United Arab Emirates / founder,"Founder led company in target size filter. Review for hiring, growth, or people process trigger before sending.",not checked against client DNC yet,READY_FOR_MANUAL_REVIEW,founder_or_senior_owner_title; growth_or_people_language_in_profile; linkedin_url_present,,AI & Global Health Impact | Founder @robertcutty and @nextbig | Accelerating HealthTech Innovation | Milano 🇮🇹 ⇄ Dubai 🇦🇪,,United Arab Emirates,ACwAABDfJSoBE5GHd0dobozIIZ9kykBvn_xqtQM
Obaid Ur-Rahmaan,Co-Founder / CTO,Nairon AI,United Arab Emirates,https://www.linkedin.com/in/obaid-ur-rahmaan-5bb29814b,,SalesNav filter 11-50 or 51-200. Manual check needed for 10-100 band.,growth_or_people_language_in_profile,manual review needed,industry and founder role suggest possible fit; revenue not verified,manual recent activity check needed,"https://www.linkedin.com/sales/lead/ACwAACQr2l8Bi4LNDcvcSPv1th-3uaHIYe70-UY,NAME_SEARCH,rZTW",85,United Arab Emirates / founder,"Founder led company in target size filter. Review for hiring, growth, or people process trigger before sending.",not checked against client DNC yet,READY_FOR_MANUAL_REVIEW,founder_or_senior_owner_title; growth_or_people_language_in_profile; linkedin_url_present,,"Co-Founder / CTO @ NaironAI | Founding Principal Engineer @ Keylead | Prev Staff Eng @ Zuora, Infra @ Vonage (Erricsson) | Opinions are my own",,"Dubai, United Arab Emirates",ACwAACQr2l8Bi4LNDcvcSPv1th-3uaHIYe70-UY
Nilanka Pieris,Managing Director - Iconiq One Holdings (Pvt) Ltd,Iconiq One,United Arab Emirates,https://www.linkedin.com/in/nilankapieris,,SalesNav filter 11-50 or 51-200. Manual check needed for 10-100 band.,growth_or_people_language_in_profile,manual review needed,industry and founder role suggest possible fit; revenue not verified,manual recent activity check needed,"https://www.linkedin.com/sales/lead/ACwAAAJckUAB3eYs0VJNQN85NPv92FJT8ZNh-B0,NAME_SEARCH,ZFwu",85,United Arab Emirates / md_owner,"Founder led company in target size filter. Review for hiring, growth, or people process trigger before sending.",not checked against client DNC yet,READY_FOR_MANUAL_REVIEW,founder_or_senior_owner_title; growth_or_people_language_in_profile; linkedin_url_present,,Wealth Strategist | Building Wealth that Builds Itself | Capital that Creates Capital,,"Dubai, United Arab Emirates",ACwAAAJckUAB3eYs0VJNQN85NPv92FJT8ZNh-B0
Nikola Morales,Co-Founder,M2PLUS,United Arab Emirates,https://www.linkedin.com/in/nikolamorales,,SalesNav filter 11-50 or 51-200. Manual check needed for 10-100 band.,growth_or_people_language_in_profile,manual review needed,industry and founder role suggest possible fit; revenue not verified,manual recent activity check needed,"https://www.linkedin.com/sales/lead/ACwAABYM-8sBVmqucMSk9UQRfX9smbDN0YScZlw,NAME_SEARCH,Xby_",85,United Arab Emirates / founder,"Founder led company in target size filter. Review for hiring, growth, or people process trigger before sending.",not checked against client DNC yet,READY_FOR_MANUAL_REVIEW,founder_or_senior_owner_title; growth_or_people_language_in_profile; linkedin_url_present,,"Building AI Systems That Automate Growth, Content & Operations",,"Dubai, United Arab Emirates",ACwAABYM-8sBVmqucMSk9UQRfX9smbDN0YScZlw
Neil Morecraft,Founder & CEO,Songai Media,United Arab Emirates,https://www.linkedin.com/in/neilmorecraft,,SalesNav filter 11-50 or 51-200. Manual check needed for 10-100 band.,growth_or_people_language_in_profile,manual review needed,industry and founder role suggest possible fit; revenue not verified,manual recent activity check needed,"https://www.linkedin.com/sales/lead/ACwAAACL2fIBJBrgIktVdzPtAUUXAtwqPdIX5IY,NAME_SEARCH,CMK7",85,United Arab Emirates / founder,"Founder led company in target size filter. Review for hiring, growth, or people process trigger before sending.",not checked against client DNC yet,READY_FOR_MANUAL_REVIEW,founder_or_senior_owner_title; growth_or_people_language_in_profile; linkedin_url_present,,Founder & CEO at Songai Media | Helping D2C Brands Increase AOV & Revenue Through Personalised Music | Say it with a Song™,,"Dubai, United Arab Emirates",ACwAAACL2fIBJBrgIktVdzPtAUUXAtwqPdIX5IY
Nazem Alzaghir,Founder & CEO,NOOR ADEN,United Arab Emirates,https://www.linkedin.com/in/nazem-alzaghir,,SalesNav filter 11-50 or 51-200. Manual check needed for 10-100 band.,growth_or_people_language_in_profile,manual review needed,industry and founder role suggest possible fit; revenue not verified,manual recent activity check needed,"https://www.linkedin.com/sales/lead/ACwAAFAMyxsBxVqqz3K7aDbuh4UJpapmOc4vLII,NAME_SEARCH,Pmia",85,United Arab Emirates / founder,"Founder led company in target size filter. Review for hiring, growth, or people process trigger before sending.",not checked against client DNC yet,READY_FOR_MANUAL_REVIEW,founder_or_senior_owner_title; growth_or_people_language_in_profile; linkedin_url_present,,Visionary Leader | Founder & CEO | Driving Innovation in Energy and Engineering Solutions.,,"Dubai, United Arab Emirates",ACwAAFAMyxsBxVqqz3K7aDbuh4UJpapmOc4vLII
Natasha Hatherall,Founder & CEO of TishTash Communications - Award Winning & Self Funded Integrated Comms Agency,TishTash Marketing and Public Relations,United Arab Emirates,https://www.linkedin.com/in/natashahatherall,,SalesNav filter 11-50 or 51-200. Manual check needed for 10-100 band.,growth_or_people_language_in_profile,manual review needed,industry and founder role suggest possible fit; revenue not verified,manual recent activity check needed,"https://www.linkedin.com/sales/lead/ACwAAADnKPMB0P38cFQLQn8qLp89Y02yKyWr5JI,NAME_SEARCH,Uy0K",85,United Arab Emirates / ceo,"Founder led company in target size filter. Review for hiring, growth, or people process trigger before sending.",not checked against client DNC yet,READY_FOR_MANUAL_REVIEW,founder_or_senior_owner_title; growth_or_people_language_in_profile; linkedin_url_present,,"Helps brands & remarkable people be VISIBLE | Publicist, PR & Marketing Expert +25 yrs experience | Founder and CEO at TishTash Communications & TishTash Group | Advocate for women in business & Mental Health Awareness",,"Dubai, United Arab Emirates",ACwAAADnKPMB0P38cFQLQn8qLp89Y02yKyWr5JI
Nasser Massoud,Founder & Managing Director,Concept Realisation,United Arab Emirates,https://www.linkedin.com/in/nasser-massoud,,SalesNav filter 11-50 or 51-200. Manual check needed for 10-100 band.,growth_or_people_language_in_profile,manual review needed,industry and founder role suggest possible fit; revenue not verified,manual recent activity check needed,"https://www.linkedin.com/sales/lead/ACwAAAEitp4BmqZTNTmxCN_Y0IT1nXei3N8QHK0,NAME_SEARCH,sU21",85,United Arab Emirates / founder,"Founder led company in target size filter. Review for hiring, growth, or people process trigger before sending.",not checked against client DNC yet,READY_FOR_MANUAL_REVIEW,founder_or_senior_owner_title; growth_or_people_language_in_profile; linkedin_url_present,,Founder & MD Concept Realisation | UCL GBSH Chair of External Advisory Board | PPPs Thought Leader | Board Member The Kingdom Health | WAPPP Chair Social Sector PPPs | Senior Adviser TVM Healthcare Capital | Teaming |,,"Dubai, United Arab Emirates",ACwAAAEitp4BmqZTNTmxCN_Y0IT1nXei3N8QHK0
Muhammad Raza, CEO & Founder,Analytica Digital Marketing Consultants,United Arab Emirates,https://www.linkedin.com/in/mhmd-raza,,SalesNav filter 11-50 or 51-200. Manual check needed for 10-100 band.,growth_or_people_language_in_profile,manual review needed,industry and founder role suggest possible fit; revenue not verified,manual recent activity check needed,"https://www.linkedin.com/sales/lead/ACwAAAP1l-UBRw0M--lSKD1ilR_LggZ9cemiX8w,NAME_SEARCH,mQLa",85,United Arab Emirates / ceo,"Founder led company in target size filter. Review for hiring, growth, or people process trigger before sending.",not checked against client DNC yet,READY_FOR_MANUAL_REVIEW,founder_or_senior_owner_title; growth_or_people_language_in_profile; linkedin_url_present,,"CEO & Founder at Analytica Holdings | Fractional CFO | 20+ Years Experience in Finance, Strategy & Advisory | Supporting business growth with finance, tech, and smart operations.",,"Dubai, United Arab Emirates",ACwAAAP1l-UBRw0M--lSKD1ilR_LggZ9cemiX8w
Muhammad Nouman Khan,Chief Executive Officer,Guest Posting Solution,United Arab Emirates,https://www.linkedin.com/in/buildlinkswithnouman,,SalesNav filter 11-50 or 51-200. Manual check needed for 10-100 band.,growth_or_people_language_in_profile,manual review needed,industry and founder role suggest possible fit; revenue not verified,manual recent activity check needed,"https://www.linkedin.com/sales/lead/ACwAACUtgpoB0sNjNddsX99-LtevMOg7N6Y6FIM,NAME_SEARCH,dJZm",85,United Arab Emirates / ceo,"Founder led company in target size filter. Review for hiring, growth, or people process trigger before sending.",not checked against client DNC yet,READY_FOR_MANUAL_REVIEW,founder_or_senior_owner_title; growth_or_people_language_in_profile; linkedin_url_present,,"CEO @GuestPostingSolution | Helping Brands & Agencies Win with High-Quality Backlinks |
SEO Strategist | Link-Building Specialist 🚀",,"Dubai, United Arab Emirates",ACwAACUtgpoB0sNjNddsX99-LtevMOg7N6Y6FIM
Mohhamed M.,Founder & CEO,Vyne Global Fortunes Investment Co L.L.C,United Arab Emirates,https://www.linkedin.com/in/mohhamedmoinuddinn,,SalesNav filter 11-50 or 51-200. Manual check needed for 10-100 band.,growth_or_people_language_in_profile,manual review needed,industry and founder role suggest possible fit; revenue not verified,manual recent activity check needed,"https://www.linkedin.com/sales/lead/ACwAAAYa-vgB2UlqUKvDrKuEkUdnOxF83M5rjjg,NAME_SEARCH,chCA",85,United Arab Emirates / ceo,"Founder led company in target size filter. Review for hiring, growth, or people process trigger before sending.",not checked against client DNC yet,READY_FOR_MANUAL_REVIEW,founder_or_senior_owner_title; growth_or_people_language_in_profile; linkedin_url_present,,Founder & CEO @ VYNE GLOBAL | Driving Investment Growth,,"Dubai, United Arab Emirates",ACwAAAYa-vgB2UlqUKvDrKuEkUdnOxF83M5rjjg
Mohammad zakir Hossen Bin SHAHID,Co Managing Director & CEo,Studio Fashion,United Arab Emirates,https://www.linkedin.com/in/mohammad-zakir-hossen-bin-shahid-392b83258,,SalesNav filter 11-50 or 51-200. Manual check needed for 10-100 band.,growth_or_people_language_in_profile,manual review needed,industry and founder role suggest possible fit; revenue not verified,manual recent activity check needed,"https://www.linkedin.com/sales/lead/ACwAAD-Iol4BYJdV7imtiTfSMblQKB7u4r9wbKk,NAME_SEARCH,rW_r",85,United Arab Emirates / md_owner,"Founder led company in target size filter. Review for hiring, growth, or people process trigger before sending.",not checked against client DNC yet,READY_FOR_MANUAL_REVIEW,founder_or_senior_owner_title; growth_or_people_language_in_profile; linkedin_url_present,,Chairman & Co-founder -AllminAll Group|Leading innovative tech solutions in software and AI.,,United Arab Emirates,ACwAAD-Iol4BYJdV7imtiTfSMblQKB7u4r9wbKk
Mohamed Abdelhameed,Managing Director,DFA Capital,United Arab Emirates,https://www.linkedin.com/in/mabdelhameed,,SalesNav filter 11-50 or 51-200. Manual check needed for 10-100 band.,growth_or_people_language_in_profile,manual review needed,industry and founder role suggest possible fit; revenue not verified,manual recent activity check needed,"https://www.linkedin.com/sales/lead/ACwAAAPnzDYBNmr9jRITnRQdF7GzRcw6RsDIJ24,NAME_SEARCH,PTYp",85,United Arab Emirates / md_owner,"Founder led company in target size filter. Review for hiring, growth, or people process trigger before sending.",not checked against client DNC yet,READY_FOR_MANUAL_REVIEW,founder_or_senior_owner_title; growth_or_people_language_in_profile; linkedin_url_present,,"Founder & Managing Director, DFA Group | Investment Strategy & Capital Structuring | Bridging Institutional Capital with Green Transition (MENA)",,"Dubai, United Arab Emirates",ACwAAAPnzDYBNmr9jRITnRQdF7GzRcw6RsDIJ24
Mo Smadi,Founder & CEO,Perform by AI,United Arab Emirates,https://www.linkedin.com/in/mo-smadi,,SalesNav filter 11-50 or 51-200. Manual check needed for 10-100 band.,growth_or_people_language_in_profile,manual review needed,industry and founder role suggest possible fit; revenue not verified,manual recent activity check needed,"https://www.linkedin.com/sales/lead/ACwAAAVQCm8BvsD91M9E7tkmgMohI0jRMPq__lU,NAME_SEARCH,WYCk",85,United Arab Emirates / founder,"Founder led company in target size filter. Review for hiring, growth, or people process trigger before sending.",not checked against client DNC yet,READY_FOR_MANUAL_REVIEW,founder_or_senior_owner_title; growth_or_people_language_in_profile; linkedin_url_present,,"Founder & CEO @ Perform by AI | Helping enterprises, consulting firms, and investors to execute strategy, drive AI adoption, and scale growth.",,"Dubai, United Arab Emirates",ACwAAAVQCm8BvsD91M9E7tkmgMohI0jRMPq__lU
Michelle Raymond,Founder and Director,The People's Partner,United Arab Emirates,https://www.linkedin.com/in/thepeoplespartner,,SalesNav filter 11-50 or 51-200. Manual check needed for 10-100 band.,growth_or_people_language_in_profile,manual review needed,industry and founder role suggest possible fit; revenue not verified,manual recent activity check needed,"https://www.linkedin.com/sales/lead/ACwAAAJkCLkBeo9C5uQnPfSI-UOvakRwdOGV_Ws,NAME_SEARCH,UMhh",85,United Arab Emirates / founder,"Founder led company in target size filter. Review for hiring, growth, or people process trigger before sending.",not checked against client DNC yet,READY_FOR_MANUAL_REVIEW,founder_or_senior_owner_title; growth_or_people_language_in_profile; linkedin_url_present,,"The Oil & Gas sector is transforming but leadership capability isn’t keeping pace. I help HRDs build the leaders, protect the pipeline and future-proof the organisation before the gap becomes a crisis",,"Dubai, United Arab Emirates",ACwAAAJkCLkBeo9C5uQnPfSI-UOvakRwdOGV_Ws
Michael Perschke,Executive Chairman & Co-Founder,ROQIT,United Arab Emirates,https://www.linkedin.com/in/michaelperschke1,,SalesNav filter 11-50 or 51-200. Manual check needed for 10-100 band.,growth_or_people_language_in_profile,manual review needed,industry and founder role suggest possible fit; revenue not verified,manual recent activity check needed,"https://www.linkedin.com/sales/lead/ACwAAA3_CLABg64p7ox-m0uSD4iqHSNleqIAiio,NAME_SEARCH,Ro_Q",85,United Arab Emirates / founder,"Founder led company in target size filter. Review for hiring, growth, or people process trigger before sending.",not checked against client DNC yet,READY_FOR_MANUAL_REVIEW,founder_or_senior_owner_title; growth_or_people_language_in_profile; linkedin_url_present,,Founder & Venture Builder - Board Member | Business Partner - Own Family Office - Trusted Interim CXO for Private Equity Assignment,,"Dubai, United Arab Emirates",ACwAAA3_CLABg64p7ox-m0uSD4iqHSNleqIAiio
Mayera Saeed,Managing Director,Mayzalan FZE LLC,United Arab Emirates,https://www.linkedin.com/in/mayera-saeed,,SalesNav filter 11-50 or 51-200. Manual check needed for 10-100 band.,growth_or_people_language_in_profile,manual review needed,industry and founder role suggest possible fit; revenue not verified,manual recent activity check needed,"https://www.linkedin.com/sales/lead/ACwAABqL3wABXdPJ0bY1zBx9PqrNopYPV02G-yQ,NAME_SEARCH,ahqi",85,United Arab Emirates / md_owner,"Founder led company in target size filter. Review for hiring, growth, or people process trigger before sending.",not checked against client DNC yet,READY_FOR_MANUAL_REVIEW,founder_or_senior_owner_title; growth_or_people_language_in_profile; linkedin_url_present,, Product Manager|| Founder Green Sufra,,"Dubai, United Arab Emirates",ACwAABqL3wABXdPJ0bY1zBx9PqrNopYPV02G-yQ
Matin A.,Group Chief Executive Officer,DFP WORLD GROUP,United Arab Emirates,https://www.linkedin.com/in/matinsaluth,,SalesNav filter 11-50 or 51-200. Manual check needed for 10-100 band.,growth_or_people_language_in_profile,manual review needed,industry and founder role suggest possible fit; revenue not verified,manual recent activity check needed,"https://www.linkedin.com/sales/lead/ACwAAAI7Ai0BqzBn1pOFJaWMJfQmkiO5YZRr07k,NAME_SEARCH,I22p",85,United Arab Emirates / ceo,"Founder led company in target size filter. Review for hiring, growth, or people process trigger before sending.",not checked against client DNC yet,READY_FOR_MANUAL_REVIEW,founder_or_senior_owner_title; growth_or_people_language_in_profile; linkedin_url_present,,"Group Chief Executive Officer @ DFP WORLD | Strategic Leadership, Financial Management",,"Dubai, United Arab Emirates",ACwAAAI7Ai0BqzBn1pOFJaWMJfQmkiO5YZRr07k
Maryna Barysheva,CEO,LKI Consulting,United Arab Emirates,https://www.linkedin.com/in/maryna-barysheva,,SalesNav filter 11-50 or 51-200. Manual check needed for 10-100 band.,growth_or_people_language_in_profile,manual review needed,industry and founder role suggest possible fit; revenue not verified,manual recent activity check needed,"https://www.linkedin.com/sales/lead/ACwAAB6UWfsB_fyOg6It__FrF3DNgwaXEZASey0,NAME_SEARCH,Cj63",85,United Arab Emirates / ceo,"Founder led company in target size filter. Review for hiring, growth, or people process trigger before sending.",not checked against client DNC yet,READY_FOR_MANUAL_REVIEW,founder_or_senior_owner_title; growth_or_people_language_in_profile; linkedin_url_present,,"I help Web3 businesses sign their first institutional clients | Go-to-market for DeFi, L1/L2, Payments, RWA | CEO @LKI Consulting - a growth firm scaling digital asset products since 2016 | Keynote speaker",,"Dubai, United Arab Emirates",ACwAAB6UWfsB_fyOg6It__FrF3DNgwaXEZASey0
Mark Olson,Co-Founder and Managing Partner,Lumiere Capital Partners Sarl,United Arab Emirates,https://www.linkedin.com/in/marknolson,,SalesNav filter 11-50 or 51-200. Manual check needed for 10-100 band.,growth_or_people_language_in_profile,manual review needed,industry and founder role suggest possible fit; revenue not verified,manual recent activity check needed,"https://www.linkedin.com/sales/lead/ACwAAAEQg40BTs1BZjf587_7MKvt1WK4UuPDVaY,NAME_SEARCH,6_4w",85,United Arab Emirates / md_owner,"Founder led company in target size filter. Review for hiring, growth, or people process trigger before sending.",not checked against client DNC yet,READY_FOR_MANUAL_REVIEW,founder_or_senior_owner_title; growth_or_people_language_in_profile; linkedin_url_present,, Private Capital Raising | Family Offices -  UHNW -  Cross-Border Investment Structuring,,"Dubai, United Arab Emirates",ACwAAAEQg40BTs1BZjf587_7MKvt1WK4UuPDVaY
"Mark Antony Swann LLB (Hons), Chartered MCSI",Founder and CEO,Insured Fixed Returns,United Arab Emirates,https://www.linkedin.com/in/markswann,,SalesNav filter 11-50 or 51-200. Manual check needed for 10-100 band.,growth_or_people_language_in_profile,manual review needed,industry and founder role suggest possible fit; revenue not verified,manual recent activity check needed,"https://www.linkedin.com/sales/lead/ACwAAAK2_OAB-N659fQmDtUAIAAD8mCBKmv0qME,NAME_SEARCH,5KGD",85,United Arab Emirates / founder,"Founder led company in target size filter. Review for hiring, growth, or people process trigger before sending.",not checked against client DNC yet,READY_FOR_MANUAL_REVIEW,founder_or_senior_owner_title; growth_or_people_language_in_profile; linkedin_url_present,,"Providing Capital Protected, Fully Insured, Fixed Returns: Safely Growing Your Hard-Earned Wealth: Securing your future professionally",,"Dubai, United Arab Emirates",ACwAAAK2_OAB-N659fQmDtUAIAAD8mCBKmv0qME
Mansi Panchal,Founder & CEO,FounderX,United Arab Emirates,https://www.linkedin.com/in/mansi-panchal-a28715a0,,SalesNav filter 11-50 or 51-200. Manual check needed for 10-100 band.,growth_or_people_language_in_profile,manual review needed,industry and founder role suggest possible fit; revenue not verified,manual recent activity check needed,"https://www.linkedin.com/sales/lead/ACwAABV2jIABtxY6mNiqfUljHztisk1PyCpDjvA,NAME_SEARCH,Bh_2",85,United Arab Emirates / founder,"Founder led company in target size filter. Review for hiring, growth, or people process trigger before sending.",not checked against client DNC yet,READY_FOR_MANUAL_REVIEW,founder_or_senior_owner_title; growth_or_people_language_in_profile; linkedin_url_present,,CEO at FounderX | Sales Success Mentor | Empowering Founders,,"Dubai, United Arab Emirates",ACwAABV2jIABtxY6mNiqfUljHztisk1PyCpDjvA
Manpreet K.,Co-Founder,AFX Events,United Arab Emirates,https://www.linkedin.com/in/manpreet-kaur-uae,,SalesNav filter 11-50 or 51-200. Manual check needed for 10-100 band.,growth_or_people_language_in_profile,manual review needed,industry and founder role suggest possible fit; revenue not verified,manual recent activity check needed,"https://www.linkedin.com/sales/lead/ACwAACZcMB0BxEbs9b19HXYZR_c5weLaS6TWXoY,NAME_SEARCH,SXHO",85,United Arab Emirates / founder,"Founder led company in target size filter. Review for hiring, growth, or people process trigger before sending.",not checked against client DNC yet,READY_FOR_MANUAL_REVIEW,founder_or_senior_owner_title; growth_or_people_language_in_profile; linkedin_url_present,,Director @ Neo Legal UAE | VA Licensing | VA Regulations - UAE | Compliance | Licensing | Programme Management | PMO | KYC | VARA | Web3 | Gaming | International Structuring | Token Launch | Tokenisation |,,"Dubai, United Arab Emirates",ACwAACZcMB0BxEbs9b19HXYZR_c5weLaS6TWXoY
Maged Mostafa,Founder,TAIPPA,United Arab Emirates,https://www.linkedin.com/in/magmostafa,,SalesNav filter 11-50 or 51-200. Manual check needed for 10-100 band.,growth_or_people_language_in_profile,manual review needed,industry and founder role suggest possible fit; revenue not verified,manual recent activity check needed,"https://www.linkedin.com/sales/lead/ACwAAANJyWQBuVcD3c4LuaiIWZHX3P9nMxsc40c,NAME_SEARCH,Uiv0",85,United Arab Emirates / founder,"Founder led company in target size filter. Review for hiring, growth, or people process trigger before sending.",not checked against client DNC yet,READY_FOR_MANUAL_REVIEW,founder_or_senior_owner_title; growth_or_people_language_in_profile; linkedin_url_present,,"MD EMEA & APAC, Guideline.ai | AI Commercialization Executive | Global Expansion Operator",,United Arab Emirates,ACwAAANJyWQBuVcD3c4LuaiIWZHX3P9nMxsc40c
Maaz S,"Venture Builder - Founder, CEO",CE Creates,United Arab Emirates,https://www.linkedin.com/in/maazshaffi,,SalesNav filter 11-50 or 51-200. Manual check needed for 10-100 band.,growth_or_people_language_in_profile,manual review needed,industry and founder role suggest possible fit; revenue not verified,manual recent activity check needed,"https://www.linkedin.com/sales/lead/ACwAAArnd_0BlzVMN2Z54GMD9eNTKxjHbAuBVDs,NAME_SEARCH,f0WC",85,United Arab Emirates / ceo,"Founder led company in target size filter. Review for hiring, growth, or people process trigger before sending.",not checked against client DNC yet,READY_FOR_MANUAL_REVIEW,founder_or_senior_owner_title; growth_or_people_language_in_profile; linkedin_url_present,,Angel Investor | Venture Builder | x-VP Fresha.com,,"Dubai, United Arab Emirates",ACwAAArnd_0BlzVMN2Z54GMD9eNTKxjHbAuBVDs
Linda Negerman,Chief Executive Officer,Elite Marine Supplies,United Arab Emirates,https://www.linkedin.com/in/lindanegerman,,SalesNav filter 11-50 or 51-200. Manual check needed for 10-100 band.,growth_or_people_language_in_profile,manual review needed,industry and founder role suggest possible fit; revenue not verified,manual recent activity check needed,"https://www.linkedin.com/sales/lead/ACwAAByEnpgB5qvuPCc3JjBLhQfmipVtkZgyJ0A,NAME_SEARCH,rqLO",85,United Arab Emirates / ceo,"Founder led company in target size filter. Review for hiring, growth, or people process trigger before sending.",not checked against client DNC yet,READY_FOR_MANUAL_REVIEW,founder_or_senior_owner_title; growth_or_people_language_in_profile; linkedin_url_present,,CEO Elite Marine Supplies (EMS) ⭒  Yacht Agent & Provisioner ⭒ F1 Maritime Events ⭒  Projects ⭒ Chair NBC ⭒ Executive MBA (specialization: Leadership Management),,"Dubai, United Arab Emirates",ACwAAByEnpgB5qvuPCc3JjBLhQfmipVtkZgyJ0A
Leighton Bingham,Owner,"VelarIQ, Inc",United Arab Emirates,https://www.linkedin.com/in/leighton-bingham-b1012119,,SalesNav filter 11-50 or 51-200. Manual check needed for 10-100 band.,growth_or_people_language_in_profile,manual review needed,industry and founder role suggest possible fit; revenue not verified,manual recent activity check needed,"https://www.linkedin.com/sales/lead/ACwAAAPBSvwBX0y38_zOqJmMk9su08eWUNwX3KQ,NAME_SEARCH,gVP_",85,United Arab Emirates / md_owner,"Founder led company in target size filter. Review for hiring, growth, or people process trigger before sending.",not checked against client DNC yet,READY_FOR_MANUAL_REVIEW,founder_or_senior_owner_title; growth_or_people_language_in_profile; linkedin_url_present,,"Founder & CEO, Atherion Group · AI architecture that refuses to fabricate · 39 provisional patents · 700M+ validated responses · 20-yr U.S. Army · SusHi Tech Tokyo 04.27.2026",,"Abu Dhabi Emirate, United Arab Emirates",ACwAAAPBSvwBX0y38_zOqJmMk9su08eWUNwX3KQ
Kishore Dharmarajan,CEO & Founder,Seo Souq (World's First 700% ROI Agency),United Arab Emirates,https://www.linkedin.com/in/kishoredharmarajan,,SalesNav filter 11-50 or 51-200. Manual check needed for 10-100 band.,growth_or_people_language_in_profile,manual review needed,industry and founder role suggest possible fit; revenue not verified,manual recent activity check needed,"https://www.linkedin.com/sales/lead/ACwAAAADT3wB4v_sq067hA7VLLE1VgwvELMlS10,NAME_SEARCH,3vOY",85,United Arab Emirates / founder,"Founder led company in target size filter. Review for hiring, growth, or people process trigger before sending.",not checked against client DNC yet,READY_FOR_MANUAL_REVIEW,founder_or_senior_owner_title; growth_or_people_language_in_profile; linkedin_url_present,,"The 700% ROI Marketer | Blessed with 68K friends on Instagram, 36K Network on LinkedIn, 100K Community on FB | Leading SEO & GEO Expert  |  Founder of Seo Souq | Ex-HSBC & Ex-Saatchi | Creator of DMD Group.",,"Abu Dhabi Emirate, United Arab Emirates",ACwAAAADT3wB4v_sq067hA7VLLE1VgwvELMlS10
Khalid Khan,Co-Founder,swirl.cx,United Arab Emirates,https://www.linkedin.com/in/khalid-khan-40ba09a2,,SalesNav filter 11-50 or 51-200. Manual check needed for 10-100 band.,growth_or_people_language_in_profile,manual review needed,industry and founder role suggest possible fit; revenue not verified,manual recent activity check needed,"https://www.linkedin.com/sales/lead/ACwAABXc1wsB05Xptr2PKJweyigkZhyKsHuNdxY,NAME_SEARCH,hlrg",85,United Arab Emirates / founder,"Founder led company in target size filter. Review for hiring, growth, or people process trigger before sending.",not checked against client DNC yet,READY_FOR_MANUAL_REVIEW,founder_or_senior_owner_title; growth_or_people_language_in_profile; linkedin_url_present,,Co-Founder @ swirl.cx || Transforming Customer Experience & Driving Growth,,"Abu Dhabi Emirate, United Arab Emirates",ACwAABXc1wsB05Xptr2PKJweyigkZhyKsHuNdxY
Kashif Rahman,Co-Founder,ARAS Technologies Inc.,United Arab Emirates,https://www.linkedin.com/in/devopsarchitect,,SalesNav filter 11-50 or 51-200. Manual check needed for 10-100 band.,growth_or_people_language_in_profile,manual review needed,industry and founder role suggest possible fit; revenue not verified,manual recent activity check needed,"https://www.linkedin.com/sales/lead/ACwAAAEmJZ8BV67fhMyzDOjr2VCpo1-a6k8WFOw,NAME_SEARCH,3U4F",85,United Arab Emirates / founder,"Founder led company in target size filter. Review for hiring, growth, or people process trigger before sending.",not checked against client DNC yet,READY_FOR_MANUAL_REVIEW,founder_or_senior_owner_title; growth_or_people_language_in_profile; linkedin_url_present,,DevOps ♾️ | DevSecOps | Kubernetes ☸ | Openshift | AWS ☁️ |  GCP | Azure | Docker 🐳 | Terraform 🏗️ | Linux 🐧 | GitHub Action 🛠️ | Ansible | ArgoCD | iaC | OCI | Platform Engineer | SRE  | MLOps,,"Dubai, United Arab Emirates",ACwAAAEmJZ8BV67fhMyzDOjr2VCpo1-a6k8WFOw
Kashif Nadeem,Founder & CEO,Infinite Ville,United Arab Emirates,https://www.linkedin.com/in/kashif-nadeem-2bbb9b144,,SalesNav filter 11-50 or 51-200. Manual check needed for 10-100 band.,growth_or_people_language_in_profile,manual review needed,industry and founder role suggest possible fit; revenue not verified,manual recent activity check needed,"https://www.linkedin.com/sales/lead/ACwAACMPKO8BR_HsKk_AfqnaETlsbU5MXuDAqV0,NAME_SEARCH,M8er",85,United Arab Emirates / ceo,"Founder led company in target size filter. Review for hiring, growth, or people process trigger before sending.",not checked against client DNC yet,READY_FOR_MANUAL_REVIEW,founder_or_senior_owner_title; growth_or_people_language_in_profile; linkedin_url_present,,"CEO, Infinite Ville | Building High-Converting Websites & Predictable Revenue Systems | Deregulated Energy Growth Specialist | BPO & Customer Acquisition Expert",,"Dubai, United Arab Emirates",ACwAACMPKO8BR_HsKk_AfqnaETlsbU5MXuDAqV0
Indy Bahra,Director and Business Owner – UAE,Ordinary World Innovations,United Arab Emirates,https://www.linkedin.com/in/indy-bahra-5277b7,,SalesNav filter 11-50 or 51-200. Manual check needed for 10-100 band.,growth_or_people_language_in_profile,manual review needed,industry and founder role suggest possible fit; revenue not verified,manual recent activity check needed,"https://www.linkedin.com/sales/lead/ACwAAAAeQS8B9bZuUr24F0yAVD0vVWPcGNnCeWc,NAME_SEARCH,4lvc",85,United Arab Emirates / md_owner,"Founder led company in target size filter. Review for hiring, growth, or people process trigger before sending.",not checked against client DNC yet,READY_FOR_MANUAL_REVIEW,founder_or_senior_owner_title; growth_or_people_language_in_profile; linkedin_url_present,,"Operations & Transformation Leader | PMO, Programme Execution & Operational Excellence | Automotive, Industrial & GCC Markets",,United Arab Emirates,ACwAAAAeQS8B9bZuUr24F0yAVD0vVWPcGNnCeWc
Hina Siddiqui,Founder & CEO | The 1% Capital-Stage Credibility Positioning,Corporate Influence Media - By Hina Siddiqui,United Arab Emirates,https://www.linkedin.com/in/hinasiddiqui,,SalesNav filter 11-50 or 51-200. Manual check needed for 10-100 band.,growth_or_people_language_in_profile,manual review needed,industry and founder role suggest possible fit; revenue not verified,manual recent activity check needed,"https://www.linkedin.com/sales/lead/ACwAAB4KnIsBEehyqmHfXvErNlQRYYbvz5TJgsI,NAME_SEARCH,lo87",85,United Arab Emirates / founder,"Founder led company in target size filter. Review for hiring, growth, or people process trigger before sending.",not checked against client DNC yet,READY_FOR_MANUAL_REVIEW,founder_or_senior_owner_title; growth_or_people_language_in_profile; linkedin_url_present,,"Founder of Capital-Stage Credibility Positioning for Tech Founders · We position you as The Obvious Choice — for buyers, for investors in UAE · CEO, CIM · Host, Top 3% Global Podcast · 700+ Media Features.",,"Dubai, United Arab Emirates",ACwAAB4KnIsBEehyqmHfXvErNlQRYYbvz5TJgsI
H.E Mr.Besim Jashari,Founder & President ,Council of International Chambers of Commerce (CICC),United Arab Emirates,https://www.linkedin.com/in/h-e-mr-besim-jashari-4418b922,,SalesNav filter 11-50 or 51-200. Manual check needed for 10-100 band.,growth_or_people_language_in_profile,manual review needed,industry and founder role suggest possible fit; revenue not verified,manual recent activity check needed,"https://www.linkedin.com/sales/lead/ACwAAATCujEBomzDRcHo3gNJi3DhQw64NA-cnG8,NAME_SEARCH,6YGh",85,United Arab Emirates / founder,"Founder led company in target size filter. Review for hiring, growth, or people process trigger before sending.",not checked against client DNC yet,READY_FOR_MANUAL_REVIEW,founder_or_senior_owner_title; growth_or_people_language_in_profile; linkedin_url_present,,Founder & President | Council of International Chambers of Commerce (CICC) | Global Economic Development | International Cooperation | Trade & Investment,,"Dubai, United Arab Emirates",ACwAAATCujEBomzDRcHo3gNJi3DhQw64NA-cnG8
George Zeidan,Managing Director,Zeidan Digital Marketing,United Arab Emirates,https://www.linkedin.com/in/georgezeidan,,SalesNav filter 11-50 or 51-200. Manual check needed for 10-100 band.,growth_or_people_language_in_profile,manual review needed,industry and founder role suggest possible fit; revenue not verified,manual recent activity check needed,"https://www.linkedin.com/sales/lead/ACwAAACpBhIBfLrNYzMEFl65k53Xui8w38XN2aw,NAME_SEARCH,zT2G",85,United Arab Emirates / md_owner,"Founder led company in target size filter. Review for hiring, growth, or people process trigger before sending.",not checked against client DNC yet,READY_FOR_MANUAL_REVIEW,founder_or_senior_owner_title; growth_or_people_language_in_profile; linkedin_url_present,,"Fractional CMO | Growth & Marketing Transformation Leader | Scaling SMEs, SaaS & B2B | UAE & Global | Founder @ CMO Angels",,"Dubai, United Arab Emirates",ACwAAACpBhIBfLrNYzMEFl65k53Xui8w38XN2aw
Frederik Bisbjerg - MBA,Managing Director & Co-Founder,Axxion Claims Settlement Services,United Arab Emirates,https://www.linkedin.com/in/frederikbisbjerg,,SalesNav filter 11-50 or 51-200. Manual check needed for 10-100 band.,growth_or_people_language_in_profile,manual review needed,industry and founder role suggest possible fit; revenue not verified,manual recent activity check needed,"https://www.linkedin.com/sales/lead/ACwAAAABBZ8BtVBYKI9HUCGjaj5YomvpuxeINw8,NAME_SEARCH,a-ns",85,United Arab Emirates / md_owner,"Founder led company in target size filter. Review for hiring, growth, or people process trigger before sending.",not checked against client DNC yet,READY_FOR_MANUAL_REVIEW,founder_or_senior_owner_title; growth_or_people_language_in_profile; linkedin_url_present,,Managing Director & Co-Founder | Transforming Insurance with AI | Board Member,,"Dubai, United Arab Emirates",ACwAAAABBZ8BtVBYKI9HUCGjaj5YomvpuxeINw8
Farid Ahmed,Co-Founder,Embarc: Amazon & Walmart Growth Experts,United Arab Emirates,https://www.linkedin.com/in/faridahmed06965,,SalesNav filter 11-50 or 51-200. Manual check needed for 10-100 band.,growth_or_people_language_in_profile,manual review needed,industry and founder role suggest possible fit; revenue not verified,manual recent activity check needed,"https://www.linkedin.com/sales/lead/ACwAAApgBzQByAyEl9i65m3kCmdDiJxeGG5waMw,NAME_SEARCH,_Otf",85,United Arab Emirates / founder,"Founder led company in target size filter. Review for hiring, growth, or people process trigger before sending.",not checked against client DNC yet,READY_FOR_MANUAL_REVIEW,founder_or_senior_owner_title; growth_or_people_language_in_profile; linkedin_url_present,,Helping Amazon & Walmart Sellers Scale Revenue | Co-Founder @ Embarc Consulting | $100M+ in Marketplace Sales,,"Dubai, United Arab Emirates",ACwAAApgBzQByAyEl9i65m3kCmdDiJxeGG5waMw
Evgeny F.,"Founder, Managing Director",AlphaBerry Capital,United Arab Emirates,https://www.linkedin.com/in/evgeny-f-b810b0b,,SalesNav filter 11-50 or 51-200. Manual check needed for 10-100 band.,growth_or_people_language_in_profile,manual review needed,industry and founder role suggest possible fit; revenue not verified,manual recent activity check needed,"https://www.linkedin.com/sales/lead/ACwAAAH4sZEBVwU34IlBJn5NN9Uz7Q1403nkyxo,NAME_SEARCH,fXwF",85,United Arab Emirates / founder,"Founder led company in target size filter. Review for hiring, growth, or people process trigger before sending.",not checked against client DNC yet,READY_FOR_MANUAL_REVIEW,founder_or_senior_owner_title; growth_or_people_language_in_profile; linkedin_url_present,,"Founder, Managing Director at AlphaBerry Capital crypto-fiat Proprietary Trading Fund",,"Dubai, United Arab Emirates",ACwAAAH4sZEBVwU34IlBJn5NN9Uz7Q1403nkyxo
Eslam M Eissa,Co-Founder,Vegan Organic,United Arab Emirates,https://www.linkedin.com/in/eslam-m-eissa,,SalesNav filter 11-50 or 51-200. Manual check needed for 10-100 band.,growth_or_people_language_in_profile,manual review needed,industry and founder role suggest possible fit; revenue not verified,manual recent activity check needed,"https://www.linkedin.com/sales/lead/ACwAAAaSmBIBTonb3A_jyc84U2BmTFRSW8LgYfE,NAME_SEARCH,x_I8",85,United Arab Emirates / founder,"Founder led company in target size filter. Review for hiring, growth, or people process trigger before sending.",not checked against client DNC yet,READY_FOR_MANUAL_REVIEW,founder_or_senior_owner_title; growth_or_people_language_in_profile; linkedin_url_present,,Founder & Managing Director at Vegan Organic | Scaling Organic Food Distribution Across UAE | HealthyLiving Advocate | Retail & Supply Chain Growth Strategist,,"Dubai, United Arab Emirates",ACwAAAaSmBIBTonb3A_jyc84U2BmTFRSW8LgYfE
Elvin Eldić,Managing Director,The Gamifier Group,United Arab Emirates,https://www.linkedin.com/in/elvin-eldi%C4%87-1786ba85,,SalesNav filter 11-50 or 51-200. Manual check needed for 10-100 band.,growth_or_people_language_in_profile,manual review needed,industry and founder role suggest possible fit; revenue not verified,manual recent activity check needed,"https://www.linkedin.com/sales/lead/ACwAABIUV2wBGiemJVTh9ZDE-r_yW7kUWSWkONc,NAME_SEARCH,COMg",85,United Arab Emirates / md_owner,"Founder led company in target size filter. Review for hiring, growth, or people process trigger before sending.",not checked against client DNC yet,READY_FOR_MANUAL_REVIEW,founder_or_senior_owner_title; growth_or_people_language_in_profile; linkedin_url_present,,Building Systems that Power Engagement & Performance,,"Dubai, United Arab Emirates",ACwAABIUV2wBGiemJVTh9ZDE-r_yW7kUWSWkONc
Dr.Abdulrahmaan Murtadha Al Ansaari,Founder & Group Chief Executive Officer,Apolonia Capital,United Arab Emirates,https://www.linkedin.com/in/abdulrahmanalansari,,SalesNav filter 11-50 or 51-200. Manual check needed for 10-100 band.,growth_or_people_language_in_profile,manual review needed,industry and founder role suggest possible fit; revenue not verified,manual recent activity check needed,"https://www.linkedin.com/sales/lead/ACwAAAiAzQIBCsdkrTh_wP50aKjJNYANQXCTkAA,NAME_SEARCH,LJ1c",85,United Arab Emirates / ceo,"Founder led company in target size filter. Review for hiring, growth, or people process trigger before sending.",not checked against client DNC yet,READY_FOR_MANUAL_REVIEW,founder_or_senior_owner_title; growth_or_people_language_in_profile; linkedin_url_present,,"Founder & Executive Chairman, Apolonia Investment Holdings (ADGM) | Founder & Group CEO, Apolonia Capital | Institutional Capital Formation, Strategic Advisory & Regulated Financial Services | Host, AP 11",,"Dubai, United Arab Emirates",ACwAAAiAzQIBCsdkrTh_wP50aKjJNYANQXCTkAA
Dr. Munir Ahmad Ch.,Group CEO,Office of H.H Sheikh AbdulHakim Al Maktoum Group Holdings,United Arab Emirates,https://www.linkedin.com/in/drmacmunir,,SalesNav filter 11-50 or 51-200. Manual check needed for 10-100 band.,growth_or_people_language_in_profile,manual review needed,industry and founder role suggest possible fit; revenue not verified,manual recent activity check needed,"https://www.linkedin.com/sales/lead/ACwAAAbaZMkBlDLzrfB5UadDZEQkW-Ib8kzwsSE,NAME_SEARCH,HMsK",85,United Arab Emirates / ceo,"Founder led company in target size filter. Review for hiring, growth, or people process trigger before sending.",not checked against client DNC yet,READY_FOR_MANUAL_REVIEW,founder_or_senior_owner_title; growth_or_people_language_in_profile; linkedin_url_present,,"Group CEO Family Office , Holding Group I V.C Glory Intel University USA I Chairman NEXL &Aspire I Founder OBS I President World Business Council I E.D Saviors I Ph.D I Anthropologist I Business Savior | Presidential …rd",,"Dubai, United Arab Emirates",ACwAAAbaZMkBlDLzrfB5UadDZEQkW-Ib8kzwsSE
Dr. Karin Lorez,Founder & Owner,Lorez Legal,United Arab Emirates,https://www.linkedin.com/in/karin-lorez,,SalesNav filter 11-50 or 51-200. Manual check needed for 10-100 band.,growth_or_people_language_in_profile,manual review needed,industry and founder role suggest possible fit; revenue not verified,manual recent activity check needed,"https://www.linkedin.com/sales/lead/ACwAAA6r3BcBY9NEXGF9DI56-ki-OGVdCUzhXtM,NAME_SEARCH,lgKg",85,United Arab Emirates / founder,"Founder led company in target size filter. Review for hiring, growth, or people process trigger before sending.",not checked against client DNC yet,READY_FOR_MANUAL_REVIEW,founder_or_senior_owner_title; growth_or_people_language_in_profile; linkedin_url_present,,"Regulatory Strategist for Crypto, AI & Luxury Markets | Founder Scale Compliance | Board Member | Writing about AI, Luxury & Technology on Substack",,"Dubai, United Arab Emirates",ACwAAA6r3BcBY9NEXGF9DI56-ki-OGVdCUzhXtM
Dr Sia Bawkar,Co-founder & Managing Director,SIAS Group,United Arab Emirates,https://www.linkedin.com/in/dr-sia-bawkar,,SalesNav filter 11-50 or 51-200. Manual check needed for 10-100 band.,growth_or_people_language_in_profile,manual review needed,industry and founder role suggest possible fit; revenue not verified,manual recent activity check needed,"https://www.linkedin.com/sales/lead/ACwAAByg1psBBWWydHZCQU14Hl_VMvF4EOAA21Q,NAME_SEARCH,-jwC",85,United Arab Emirates / md_owner,"Founder led company in target size filter. Review for hiring, growth, or people process trigger before sending.",not checked against client DNC yet,READY_FOR_MANUAL_REVIEW,founder_or_senior_owner_title; growth_or_people_language_in_profile; linkedin_url_present,,Co-founder & Managing Director @ SIAS Group| UAEs NO 1 Immigration Company| SIAS Properties |PHD business Ops & Entrepreneurship Sorbon University France 🇫🇷 ,,"Dubai, United Arab Emirates",ACwAAByg1psBBWWydHZCQU14Hl_VMvF4EOAA21Q
Dirk Wagner,Co-Founder,Growth Provocateur,United Arab Emirates,https://www.linkedin.com/in/dirk-wagner-971global,,SalesNav filter 11-50 or 51-200. Manual check needed for 10-100 band.,growth_or_people_language_in_profile,manual review needed,industry and founder role suggest possible fit; revenue not verified,manual recent activity check needed,"https://www.linkedin.com/sales/lead/ACwAAAXckjMBIhBKrzjCdMbyaQKKnzUQdEkzZDA,NAME_SEARCH,a2hG",85,United Arab Emirates / founder,"Founder led company in target size filter. Review for hiring, growth, or people process trigger before sending.",not checked against client DNC yet,READY_FOR_MANUAL_REVIEW,founder_or_senior_owner_title; growth_or_people_language_in_profile; linkedin_url_present,,Founder & CEO @ NINE SEVEN ONE Global Solutions 🇦🇪 | GCC & Global Growth Execution Partner | Helping International Corporates in the GCC with Tailored Sales & Scale Strategies | Co-Founder @ Growth Provocat,,"Dubai, United Arab Emirates",ACwAAAXckjMBIhBKrzjCdMbyaQKKnzUQdEkzZDA
🚄 Chris Davey,Managing Director,Search Fund Oz,Australia,https://www.linkedin.com/in/chris-davey12,,SalesNav filter 11-50 or 51-200. Manual check needed for 10-100 band.,growth_or_people_language_in_profile,manual review needed,industry and founder role suggest possible fit; revenue not verified,manual recent activity check needed,"https://www.linkedin.com/sales/lead/ACwAACOJ_ZkB5caIVjqkTQYGEPdpgmyKwtQSiCc,NAME_SEARCH,406o",85,Australia / md_owner,"Founder led company in target size filter. Review for hiring, growth, or people process trigger before sending.",not checked against client DNC yet,READY_FOR_MANUAL_REVIEW,founder_or_senior_owner_title; growth_or_people_language_in_profile; linkedin_url_present,,I’m helping build Australia’s ETA ecosystem | Search Fund Oz GP | FDD & M&A Advisory | Accountica,,"Varsity Lakes, Queensland, Australia",ACwAACOJ_ZkB5caIVjqkTQYGEPdpgmyKwtQSiCc
Yusuke J.,Founder and Director,Cubic Innov8,Australia,https://www.linkedin.com/in/yusuke-j-2b145a161,,SalesNav filter 11-50 or 51-200. Manual check needed for 10-100 band.,growth_or_people_language_in_profile,manual review needed,industry and founder role suggest possible fit; revenue not verified,manual recent activity check needed,"https://www.linkedin.com/sales/lead/ACwAACawGiUB-VGo49PYWouxSIONxVbHMAUmwi0,NAME_SEARCH,g29_",85,Australia / ceo,"Founder led company in target size filter. Review for hiring, growth, or people process trigger before sending.",not checked against client DNC yet,READY_FOR_MANUAL_REVIEW,founder_or_senior_owner_title; growth_or_people_language_in_profile; linkedin_url_present,,"Founder, Cubic Innov8 & Zepi | Japan-Australia Cross-Border Innovation Hub | IT Study Abroad · Global Career · IT Talent · Cross-Border M&A · SaaS · Cyber Consulting | Bilingual EN/JP | Kyoto-raised, Sydney-based",,"Sydney, New South Wales, Australia",ACwAACawGiUB-VGo49PYWouxSIONxVbHMAUmwi0
Willem Popp,Co-Founder & Editorial Director,Content Play,Australia,https://www.linkedin.com/in/willem-popp-content-play,,SalesNav filter 11-50 or 51-200. Manual check needed for 10-100 band.,growth_or_people_language_in_profile,manual review needed,industry and founder role suggest possible fit; revenue not verified,manual recent activity check needed,"https://www.linkedin.com/sales/lead/ACwAAADaGeEBzc74PXP7fpM2LS6T6pqs9QheJ5I,NAME_SEARCH,HhzW",85,Australia / founder,"Founder led company in target size filter. Review for hiring, growth, or people process trigger before sending.",not checked against client DNC yet,READY_FOR_MANUAL_REVIEW,founder_or_senior_owner_title; growth_or_people_language_in_profile; linkedin_url_present,,Social Media Ghostwriter helping busy people write and publish online | Ex-print Journalist | Sub-Editor | Technology Wordsmith | 2026 resolution to swim a mile a week = Mile #26 on 26th June. ,,"Melbourne, Victoria, Australia",ACwAAADaGeEBzc74PXP7fpM2LS6T6pqs9QheJ5I
"W Daniel Cox III - CMA, CFM",CEO & Founder,Green Parrot Collective Pty Ltd,Australia,https://www.linkedin.com/in/wdanielcoxiii,,SalesNav filter 11-50 or 51-200. Manual check needed for 10-100 band.,growth_or_people_language_in_profile,manual review needed,industry and founder role suggest possible fit; revenue not verified,manual recent activity check needed,"https://www.linkedin.com/sales/lead/ACwAAAEwxQUBsrKtYjOIgSTKGI_q5lel_CzZdnM,NAME_SEARCH,c8E-",85,Australia / founder,"Founder led company in target size filter. Review for hiring, growth, or people process trigger before sending.",not checked against client DNC yet,READY_FOR_MANUAL_REVIEW,founder_or_senior_owner_title; growth_or_people_language_in_profile; linkedin_url_present,,Global Data Strategist | CEO & Founder | Sustainability & ESG Pioneer | Board Authority | Entrepreneur | Best Selling Author,,Greater Sydney Area,ACwAAAEwxQUBsrKtYjOIgSTKGI_q5lel_CzZdnM
Vithusan Thavarasa,Founder & CEO,ZynAI,Australia,https://www.linkedin.com/in/vithusan,,SalesNav filter 11-50 or 51-200. Manual check needed for 10-100 band.,growth_or_people_language_in_profile,manual review needed,industry and founder role suggest possible fit; revenue not verified,manual recent activity check needed,"https://www.linkedin.com/sales/lead/ACwAACm-nZMB7lBlpjx2-U6dDhCbHN3A5LHd3Wk,NAME_SEARCH,Kszw",85,Australia / ceo,"Founder led company in target size filter. Review for hiring, growth, or people process trigger before sending.",not checked against client DNC yet,READY_FOR_MANUAL_REVIEW,founder_or_senior_owner_title; growth_or_people_language_in_profile; linkedin_url_present,,"Founder & CEO of ZynAI, Nilavitech & Sydney Growth Lab | Unleashing the Power of AI Solutions, Software Systems & Digital Transformation for SMEs",,Greater Sydney Area,ACwAACm-nZMB7lBlpjx2-U6dDhCbHN3A5LHd3Wk
Vex Tatarevic,Founder,VEXIT,Australia,https://www.linkedin.com/in/vextatarevic,,SalesNav filter 11-50 or 51-200. Manual check needed for 10-100 band.,growth_or_people_language_in_profile,manual review needed,industry and founder role suggest possible fit; revenue not verified,manual recent activity check needed,"https://www.linkedin.com/sales/lead/ACwAAAA0UYwBKH-Ze2CbCYh4ord8IA5d5JhNb-I,NAME_SEARCH,1iJs",85,Australia / founder,"Founder led company in target size filter. Review for hiring, growth, or people process trigger before sending.",not checked against client DNC yet,READY_FOR_MANUAL_REVIEW,founder_or_senior_owner_title; growth_or_people_language_in_profile; linkedin_url_present,,Developing a software startup,,Greater Brisbane Area,ACwAAAA0UYwBKH-Ze2CbCYh4ord8IA5d5JhNb-I
Vedant Dwivedi,Co-Founder,Andai,Australia,https://www.linkedin.com/in/vedant-dwivedi-60286b10a,,SalesNav filter 11-50 or 51-200. Manual check needed for 10-100 band.,growth_or_people_language_in_profile,manual review needed,industry and founder role suggest possible fit; revenue not verified,manual recent activity check needed,"https://www.linkedin.com/sales/lead/ACwAABuJM6IB0QuV4h0HoAPOEWgCowwHabYNMJI,NAME_SEARCH,Yvgq",85,Australia / founder,"Founder led company in target size filter. Review for hiring, growth, or people process trigger before sending.",not checked against client DNC yet,READY_FOR_MANUAL_REVIEW,founder_or_senior_owner_title; growth_or_people_language_in_profile; linkedin_url_present,,Harness the AI using Sigma (Agentic AI) & FLO (AI Workflow Orchestrator),,"Melbourne, Victoria, Australia",ACwAABuJM6IB0QuV4h0HoAPOEWgCowwHabYNMJI
Troy Rushton,Founder,Homeowner,Australia,https://www.linkedin.com/in/troyrushton,,SalesNav filter 11-50 or 51-200. Manual check needed for 10-100 band.,growth_or_people_language_in_profile,manual review needed,industry and founder role suggest possible fit; revenue not verified,manual recent activity check needed,"https://www.linkedin.com/sales/lead/ACwAAABP37wBEk4IY4b8rcA9ioYw4gbIPDCILCc,NAME_SEARCH,ccLc",85,Australia / founder,"Founder led company in target size filter. Review for hiring, growth, or people process trigger before sending.",not checked against client DNC yet,READY_FOR_MANUAL_REVIEW,founder_or_senior_owner_title; growth_or_people_language_in_profile; linkedin_url_present,,CEO @ Homeowner | A Smarter way home |                                                      Real time connectivity for Brokers & Buyer Agents,,Greater Sydney Area,ACwAAABP37wBEk4IY4b8rcA9ioYw4gbIPDCILCc
Trevor Churchley,"Founder, Managing Director & Chief Talentologist",Talentology AU,Australia,https://www.linkedin.com/in/trevorchurchley,,SalesNav filter 11-50 or 51-200. Manual check needed for 10-100 band.,growth_or_people_language_in_profile,manual review needed,industry and founder role suggest possible fit; revenue not verified,manual recent activity check needed,"https://www.linkedin.com/sales/lead/ACwAAADSj0UBlV4EFMI2v-q0hK7gobJtOkDBlH8,NAME_SEARCH,sGQf",85,Australia / md_owner,"Founder led company in target size filter. Review for hiring, growth, or people process trigger before sending.",not checked against client DNC yet,READY_FOR_MANUAL_REVIEW,founder_or_senior_owner_title; growth_or_people_language_in_profile; linkedin_url_present,,💛 Australia’s +45 IT Talent Community • Advocate for the People • Simplifying Access to Trusted Tech Experience • Founder Talentology,,Australia,ACwAAADSj0UBlV4EFMI2v-q0hK7gobJtOkDBlH8
Stuart Douglas,Co-Founder/Executive Director,Innovyz,Australia,https://www.linkedin.com/in/stuartbdouglas,,SalesNav filter 11-50 or 51-200. Manual check needed for 10-100 band.,growth_or_people_language_in_profile,manual review needed,industry and founder role suggest possible fit; revenue not verified,manual recent activity check needed,"https://www.linkedin.com/sales/lead/ACwAAATmHfQBq_fIcVQl7cMm8RnVPCxnxL5XwaQ,NAME_SEARCH,XQyw",85,Australia / ceo,"Founder led company in target size filter. Review for hiring, growth, or people process trigger before sending.",not checked against client DNC yet,READY_FOR_MANUAL_REVIEW,founder_or_senior_owner_title; growth_or_people_language_in_profile; linkedin_url_present,,Co-Founding Director at Commercialisation Group,,Greater Adelaide Area,ACwAAATmHfQBq_fIcVQl7cMm8RnVPCxnxL5XwaQ
Shaun Mitchell,Executive Chair,Eb Flow Grow,Australia,https://www.linkedin.com/in/shaunmitchell71,,SalesNav filter 11-50 or 51-200. Manual check needed for 10-100 band.,growth_or_people_language_in_profile,manual review needed,industry and founder role suggest possible fit; revenue not verified,manual recent activity check needed,"https://www.linkedin.com/sales/lead/ACwAAAA1d0wBrYQtg6ZMrKc3MHWYcslumEybRJQ,NAME_SEARCH,MBY3",85,Australia / ceo,"Founder led company in target size filter. Review for hiring, growth, or people process trigger before sending.",not checked against client DNC yet,READY_FOR_MANUAL_REVIEW,founder_or_senior_owner_title; growth_or_people_language_in_profile; linkedin_url_present,,"CEO | NED | AI Commercialisation | MAICD | 
Scaling technology businesses through growth, governance and execution",,Greater Melbourne Area,ACwAAAA1d0wBrYQtg6ZMrKc3MHWYcslumEybRJQ
Sean Rice,Director of Operations and Owner,PROTERRA Group,Australia,https://www.linkedin.com/in/s-rice,,SalesNav filter 11-50 or 51-200. Manual check needed for 10-100 band.,growth_or_people_language_in_profile,manual review needed,industry and founder role suggest possible fit; revenue not verified,manual recent activity check needed,"https://www.linkedin.com/sales/lead/ACwAAAH-98kBOhPeTuwPsE9DBNV8Vii6Fm2jmiA,NAME_SEARCH,P1AP",85,Australia / md_owner,"Founder led company in target size filter. Review for hiring, growth, or people process trigger before sending.",not checked against client DNC yet,READY_FOR_MANUAL_REVIEW,founder_or_senior_owner_title; growth_or_people_language_in_profile; linkedin_url_present,,"Building Regional Australia | Managing Director, Proterra Group | Public Works, Infrastructure & Waste | Helping Councils Deliver Better Outcomes | Chartered RPEQ | GAICD | 100+ Team",,"Callandoon, Queensland, Australia",ACwAAAH-98kBOhPeTuwPsE9DBNV8Vii6Fm2jmiA
Scott Walker,"Founder and Principal, Patent & Trade Marks Attorney","Walker IP, Patent & Trade Marks Attorneys",Australia,https://www.linkedin.com/in/scott-walker-06a9983b,,SalesNav filter 11-50 or 51-200. Manual check needed for 10-100 band.,growth_or_people_language_in_profile,manual review needed,industry and founder role suggest possible fit; revenue not verified,manual recent activity check needed,"https://www.linkedin.com/sales/lead/ACwAAAiCq1IBYuwB1NsP5BN5wQMvwcTXaWjUTCQ,NAME_SEARCH,dk9Z",85,Australia / founder,"Founder led company in target size filter. Review for hiring, growth, or people process trigger before sending.",not checked against client DNC yet,READY_FOR_MANUAL_REVIEW,founder_or_senior_owner_title; growth_or_people_language_in_profile; linkedin_url_present,,"Founder and Principal, Walker IP",,Greater Melbourne Area,ACwAAAiCq1IBYuwB1NsP5BN5wQMvwcTXaWjUTCQ
Scott Thompson,Chief Executive Officer,Kiraa,Australia,https://www.linkedin.com/in/scott-thompson-slt,,SalesNav filter 11-50 or 51-200. Manual check needed for 10-100 band.,growth_or_people_language_in_profile,manual review needed,industry and founder role suggest possible fit; revenue not verified,manual recent activity check needed,"https://www.linkedin.com/sales/lead/ACwAAAIDRI8Bf3IA-09KUb9OMs7WXOesfduBsLE,NAME_SEARCH,IdwR",85,Australia / ceo,"Founder led company in target size filter. Review for hiring, growth, or people process trigger before sending.",not checked against client DNC yet,READY_FOR_MANUAL_REVIEW,founder_or_senior_owner_title; growth_or_people_language_in_profile; linkedin_url_present,,"I help leaders to become more confident, build influence and gain the trust of their team so they deliver results that matter.",,Australia,ACwAAAIDRI8Bf3IA-09KUb9OMs7WXOesfduBsLE
Scott McLaughlin,Founder & CEO,The Art of More,Australia,https://www.linkedin.com/in/iamscottym,,SalesNav filter 11-50 or 51-200. Manual check needed for 10-100 band.,growth_or_people_language_in_profile,manual review needed,industry and founder role suggest possible fit; revenue not verified,manual recent activity check needed,"https://www.linkedin.com/sales/lead/ACwAAABUJPwB2Gz82xmakNqKncX3ay6WnhIJo6U,NAME_SEARCH,bioL",85,Australia / ceo,"Founder led company in target size filter. Review for hiring, growth, or people process trigger before sending.",not checked against client DNC yet,READY_FOR_MANUAL_REVIEW,founder_or_senior_owner_title; growth_or_people_language_in_profile; linkedin_url_present,,"Curiosity Architect → Performance Architecture | Strategic Profiler | Doctoral Candidate, Warwick Business School | The Art of More™",,"Melbourne, Victoria, Australia",ACwAAABUJPwB2Gz82xmakNqKncX3ay6WnhIJo6U
Scott Caulfield,Founder and Managing Director,SafetyFlow,Australia,https://www.linkedin.com/in/caulfieldscott,,SalesNav filter 11-50 or 51-200. Manual check needed for 10-100 band.,growth_or_people_language_in_profile,manual review needed,industry and founder role suggest possible fit; revenue not verified,manual recent activity check needed,"https://www.linkedin.com/sales/lead/ACwAAABBxloBF7TMrwQU_XirXl1Oq_77OVRU8uo,NAME_SEARCH,QW21",85,Australia / founder,"Founder led company in target size filter. Review for hiring, growth, or people process trigger before sending.",not checked against client DNC yet,READY_FOR_MANUAL_REVIEW,founder_or_senior_owner_title; growth_or_people_language_in_profile; linkedin_url_present,,Helping field service teams automate compliant work delivery with AI.,,"Sydney, New South Wales, Australia",ACwAAABBxloBF7TMrwQU_XirXl1Oq_77OVRU8uo
Russell Wylie,Chief Executive Officer,People and Business Insights,Australia,https://www.linkedin.com/in/russ-wylie,,SalesNav filter 11-50 or 51-200. Manual check needed for 10-100 band.,growth_or_people_language_in_profile,manual review needed,industry and founder role suggest possible fit; revenue not verified,manual recent activity check needed,"https://www.linkedin.com/sales/lead/ACwAAAAUGVsBDVQnDZnSYOne9AXvKxiFTyfDbFU,NAME_SEARCH,vEnR",85,Australia / ceo,"Founder led company in target size filter. Review for hiring, growth, or people process trigger before sending.",not checked against client DNC yet,READY_FOR_MANUAL_REVIEW,founder_or_senior_owner_title; growth_or_people_language_in_profile; linkedin_url_present,,"At Innermetrix Australia and People & Business Insights we solve business problems that involve people. We’re Exclusive Innermetrix Master Distributors/Facilitators in Melbourne, Sydney, Brisbane & as required elsewhere!",,Greater Melbourne Area,ACwAAAAUGVsBDVQnDZnSYOne9AXvKxiFTyfDbFU
Rodney James,CEO,Black Sails,Australia,https://www.linkedin.com/in/rodneyljames,,SalesNav filter 11-50 or 51-200. Manual check needed for 10-100 band.,growth_or_people_language_in_profile,manual review needed,industry and founder role suggest possible fit; revenue not verified,manual recent activity check needed,"https://www.linkedin.com/sales/lead/ACwAAAemeCcBFoUTjk3KQoPJcWYuV3KlUkADH9E,NAME_SEARCH,whJ9",85,Australia / ceo,"Founder led company in target size filter. Review for hiring, growth, or people process trigger before sending.",not checked against client DNC yet,READY_FOR_MANUAL_REVIEW,founder_or_senior_owner_title; growth_or_people_language_in_profile; linkedin_url_present,,"Built, scaled to IPO, acquired, and exited | The full entrepreneurial journey, scars included | Helping SME owners grow, scale & transition | Process improvement consulting",,"Sydney, New South Wales, Australia",ACwAAAemeCcBFoUTjk3KQoPJcWYuV3KlUkADH9E
Robert Dietz,"Co-founder, CEO",Roev,Australia,https://www.linkedin.com/in/robertsdietz,,SalesNav filter 11-50 or 51-200. Manual check needed for 10-100 band.,growth_or_people_language_in_profile,manual review needed,industry and founder role suggest possible fit; revenue not verified,manual recent activity check needed,"https://www.linkedin.com/sales/lead/ACwAAACktb8BDG0P8cOkK_4Xd2cUna8cHqpA6tU,NAME_SEARCH,XUIm",85,Australia / founder,"Founder led company in target size filter. Review for hiring, growth, or people process trigger before sending.",not checked against client DNC yet,READY_FOR_MANUAL_REVIEW,founder_or_senior_owner_title; growth_or_people_language_in_profile; linkedin_url_present,,"Co-founder, CEO at Roev - Simplifying Fleet Electrification",,"Cabarita, New South Wales, Australia",ACwAAACktb8BDG0P8cOkK_4Xd2cUna8cHqpA6tU
Rob McCahill,Managing Director,Projectick,Australia,https://www.linkedin.com/in/rob-mccahill-32802118,,SalesNav filter 11-50 or 51-200. Manual check needed for 10-100 band.,growth_or_people_language_in_profile,manual review needed,industry and founder role suggest possible fit; revenue not verified,manual recent activity check needed,"https://www.linkedin.com/sales/lead/ACwAAAOP6pABYgwfAajjradbaK7BkWMwJtYseys,NAME_SEARCH,SzN-",85,Australia / md_owner,"Founder led company in target size filter. Review for hiring, growth, or people process trigger before sending.",not checked against client DNC yet,READY_FOR_MANUAL_REVIEW,founder_or_senior_owner_title; growth_or_people_language_in_profile; linkedin_url_present,,Project Development Director | mining and energy projects - from concept to build‑ready with real cost & delivery insight,,"Townsville, Queensland, Australia",ACwAAAOP6pABYgwfAajjradbaK7BkWMwJtYseys
Richard Webbe,Co Founder Syllogism,Syllogism,Australia,https://www.linkedin.com/in/richardwebbe,,SalesNav filter 11-50 or 51-200. Manual check needed for 10-100 band.,growth_or_people_language_in_profile,manual review needed,industry and founder role suggest possible fit; revenue not verified,manual recent activity check needed,"https://www.linkedin.com/sales/lead/ACwAAAACCGcB1Td7bZnTC55PrBKpBI0BuZH_rgA,NAME_SEARCH,kfVC",85,Australia / founder,"Founder led company in target size filter. Review for hiring, growth, or people process trigger before sending.",not checked against client DNC yet,READY_FOR_MANUAL_REVIEW,founder_or_senior_owner_title; growth_or_people_language_in_profile; linkedin_url_present,,"Turning Disruptive Technology & Cloud, AI, cybersecurity into value and revenue — for Companies , Channel , Marketing & Sales Teams | Speaker · Author · Founder, Esource · Co-Founder, Syllogism",,"Melbourne, Victoria, Australia",ACwAAAACCGcB1Td7bZnTC55PrBKpBI0BuZH_rgA
Pradeep Laxminarayana,Founder & CEO,KASS Consulting Pty Ltd,Australia,https://www.linkedin.com/in/pradeeplaxminarayana,,SalesNav filter 11-50 or 51-200. Manual check needed for 10-100 band.,growth_or_people_language_in_profile,manual review needed,industry and founder role suggest possible fit; revenue not verified,manual recent activity check needed,"https://www.linkedin.com/sales/lead/ACwAAAA00Y8BqFzrPypwzATT0KLLZfwjHIfUS_o,NAME_SEARCH,gelz",85,Australia / ceo,"Founder led company in target size filter. Review for hiring, growth, or people process trigger before sending.",not checked against client DNC yet,READY_FOR_MANUAL_REVIEW,founder_or_senior_owner_title; growth_or_people_language_in_profile; linkedin_url_present,,"CEO | Start Up Founder | GM Technology | P&L Executive — Digital Transformation, AI & CRM | $48M+ Revenue Built | ANZ & APAC | Senior Security Clearance",,"Melbourne, Victoria, Australia",ACwAAAA00Y8BqFzrPypwzATT0KLLZfwjHIfUS_o
"Peter Strohkorb - GAICD, FSCP",Founder and CEO,Peter Strohkorb Sales Growth Advisory,Australia,https://www.linkedin.com/in/peterstrohkorbsalesmarketing,,SalesNav filter 11-50 or 51-200. Manual check needed for 10-100 band.,growth_or_people_language_in_profile,manual review needed,industry and founder role suggest possible fit; revenue not verified,manual recent activity check needed,"https://www.linkedin.com/sales/lead/ACwAAAAymLkBCNFxSTkn3Uk_vZ43narW5xoutYo,NAME_SEARCH,36qK",85,Australia / founder,"Founder led company in target size filter. Review for hiring, growth, or people process trigger before sending.",not checked against client DNC yet,READY_FOR_MANUAL_REVIEW,founder_or_senior_owner_title; growth_or_people_language_in_profile; linkedin_url_present,,"Seasoned Chairman, NED, Advisory Board Member | Revenue Growth Specialist | B2B Services & Tech Sector | Australia, USA | Received 100+ LinkedIn Recommendations | Contact: pstrohkorb@peterstrohkorb.com, +61 411 865 301",,Greater Sydney Area,ACwAAAAymLkBCNFxSTkn3Uk_vZ43narW5xoutYo
Peter Colacino,Chief Executive Officer,Australian Constructors Association (ACA),Australia,https://www.linkedin.com/in/peter-colacino-68a3021b,,SalesNav filter 11-50 or 51-200. Manual check needed for 10-100 band.,growth_or_people_language_in_profile,manual review needed,industry and founder role suggest possible fit; revenue not verified,manual recent activity check needed,"https://www.linkedin.com/sales/lead/ACwAAAQjZUoBe4ZC9gHb5F4W6p1eeB82mJIB50c,NAME_SEARCH,1VmP",85,Australia / ceo,"Founder led company in target size filter. Review for hiring, growth, or people process trigger before sending.",not checked against client DNC yet,READY_FOR_MANUAL_REVIEW,founder_or_senior_owner_title; growth_or_people_language_in_profile; linkedin_url_present,,Culture | Productivity | Commercial Sustainability,,Greater Sydney Area,ACwAAAQjZUoBe4ZC9gHb5F4W6p1eeB82mJIB50c
Paul Mather,Founder - FBT Salary Packaging Solutions,FBT Salary Packaging Solutions,Australia,https://www.linkedin.com/in/fbtsalarypackaging,,SalesNav filter 11-50 or 51-200. Manual check needed for 10-100 band.,growth_or_people_language_in_profile,manual review needed,industry and founder role suggest possible fit; revenue not verified,manual recent activity check needed,"https://www.linkedin.com/sales/lead/ACwAAAMsSE8BXLYi1P2ibC0TtLm0DHRe62cRiMs,NAME_SEARCH,BVLc",85,Australia / founder,"Founder led company in target size filter. Review for hiring, growth, or people process trigger before sending.",not checked against client DNC yet,READY_FOR_MANUAL_REVIEW,founder_or_senior_owner_title; growth_or_people_language_in_profile; linkedin_url_present,,FBT and Salary Packaging Specialist,,"Sydney, New South Wales, Australia",ACwAAAMsSE8BXLYi1P2ibC0TtLm0DHRe62cRiMs
Paul Christy,Co-Founder,LandScan - Environmental Risk Intelligence,Australia,https://www.linkedin.com/in/paulsimonchristy,,SalesNav filter 11-50 or 51-200. Manual check needed for 10-100 band.,growth_or_people_language_in_profile,manual review needed,industry and founder role suggest possible fit; revenue not verified,manual recent activity check needed,"https://www.linkedin.com/sales/lead/ACwAAABVllYByO4MS4xTnkLH-sqq_yVCGgtjt-k,NAME_SEARCH,wZCW",85,Australia / founder,"Founder led company in target size filter. Review for hiring, growth, or people process trigger before sending.",not checked against client DNC yet,READY_FOR_MANUAL_REVIEW,founder_or_senior_owner_title; growth_or_people_language_in_profile; linkedin_url_present,,"Director Varanti -  Driving digital, innovation and growth",,"Sydney, New South Wales, Australia",ACwAAABVllYByO4MS4xTnkLH-sqq_yVCGgtjt-k
Niraj Akhil,Founder / Director,Aurora Ability Assist,Australia,https://www.linkedin.com/in/niraj-akhil-9294a421,,SalesNav filter 11-50 or 51-200. Manual check needed for 10-100 band.,growth_or_people_language_in_profile,manual review needed,industry and founder role suggest possible fit; revenue not verified,manual recent activity check needed,"https://www.linkedin.com/sales/lead/ACwAAASFijEBp9dDKLHSKq1hpjD1A_A3gWrETmc,NAME_SEARCH,lx5f",85,Australia / md_owner,"Founder led company in target size filter. Review for hiring, growth, or people process trigger before sending.",not checked against client DNC yet,READY_FOR_MANUAL_REVIEW,founder_or_senior_owner_title; growth_or_people_language_in_profile; linkedin_url_present,,Empowering Businesses with Wholesale Telecom Solutions | Founder at Solutions 4 Business,,Greater Melbourne Area,ACwAAASFijEBp9dDKLHSKq1hpjD1A_A3gWrETmc
Nicholas K.,Co-Founder,Blockchain & AI,Australia,https://www.linkedin.com/in/nicholas-k-262aa5193,,SalesNav filter 11-50 or 51-200. Manual check needed for 10-100 band.,growth_or_people_language_in_profile,manual review needed,industry and founder role suggest possible fit; revenue not verified,manual recent activity check needed,"https://www.linkedin.com/sales/lead/ACwAAC2LtSoBy5KdJH_uGcr_V0MDPXcJK-oWh7g,NAME_SEARCH,drfe",85,Australia / founder,"Founder led company in target size filter. Review for hiring, growth, or people process trigger before sending.",not checked against client DNC yet,READY_FOR_MANUAL_REVIEW,founder_or_senior_owner_title; growth_or_people_language_in_profile; linkedin_url_present,,"Co-Founder I Stealth AI Proptech Platform I Real Estate Intelligence, Acquisition & Investment Technology",,Greater Sydney Area,ACwAAC2LtSoBy5KdJH_uGcr_V0MDPXcJK-oWh7g
Neha Saxena,Founder & CEO,Paxena,Australia,https://www.linkedin.com/in/neha-saxena-sydney,,SalesNav filter 11-50 or 51-200. Manual check needed for 10-100 band.,growth_or_people_language_in_profile,manual review needed,industry and founder role suggest possible fit; revenue not verified,manual recent activity check needed,"https://www.linkedin.com/sales/lead/ACwAAAAlzdcBtI6WhavApAxGdjxnWCsvOkuD4gg,NAME_SEARCH,yX3p",85,Australia / founder,"Founder led company in target size filter. Review for hiring, growth, or people process trigger before sending.",not checked against client DNC yet,READY_FOR_MANUAL_REVIEW,founder_or_senior_owner_title; growth_or_people_language_in_profile; linkedin_url_present,,"Salesforce Expert | Customer Focused | Fintech | Digital Transformation Specialist | Authentic People Leader
Enabling businesses through technology",,"Sydney, New South Wales, Australia",ACwAAAAlzdcBtI6WhavApAxGdjxnWCsvOkuD4gg
Muhammad Arif Jan,Founder,FS Programmers,Australia,https://www.linkedin.com/in/aimvpbuilder-softwarefounder,,SalesNav filter 11-50 or 51-200. Manual check needed for 10-100 band.,growth_or_people_language_in_profile,manual review needed,industry and founder role suggest possible fit; revenue not verified,manual recent activity check needed,"https://www.linkedin.com/sales/lead/ACwAACRm7BEBDBzImQhPE7a-T0YcBd93gotEcgQ,NAME_SEARCH,CgxB",85,Australia / founder,"Founder led company in target size filter. Review for hiring, growth, or people process trigger before sending.",not checked against client DNC yet,READY_FOR_MANUAL_REVIEW,founder_or_senior_owner_title; growth_or_people_language_in_profile; linkedin_url_present,,CEO @ FS Programmers | We build AI-powered MVPs and Software in 90 days | 60+ apps & 150+ websites delivered globally | Top rated on Fiverr,,"Melbourne, Victoria, Australia",ACwAACRm7BEBDBzImQhPE7a-T0YcBd93gotEcgQ
Michelle Sandford 🥑,Managing Director and Founder,TechOutsiders,Australia,https://www.linkedin.com/in/michellesandford,,SalesNav filter 11-50 or 51-200. Manual check needed for 10-100 band.,growth_or_people_language_in_profile,manual review needed,industry and founder role suggest possible fit; revenue not verified,manual recent activity check needed,"https://www.linkedin.com/sales/lead/ACwAAADRAnoByPp1HX_jsiku9wkBOm4QAepobDs,NAME_SEARCH,cWMK",85,Australia / md_owner,"Founder led company in target size filter. Review for hiring, growth, or people process trigger before sending.",not checked against client DNC yet,READY_FOR_MANUAL_REVIEW,founder_or_senior_owner_title; growth_or_people_language_in_profile; linkedin_url_present,,🥑Developer Engagement Lead @ Microsoft | Tedx Speaker | Keynote Storyteller | AI Developer | GAICD | MCT | Developer Relations | New Breakpoint Host | AI Genius Content Captain,,Greater Perth Area,ACwAAADRAnoByPp1HX_jsiku9wkBOm4QAepobDs
Michael McCallum,CEO/Co founder @ 25hours.ai,25hours.ai,Australia,https://www.linkedin.com/in/thebigm,,SalesNav filter 11-50 or 51-200. Manual check needed for 10-100 band.,growth_or_people_language_in_profile,manual review needed,industry and founder role suggest possible fit; revenue not verified,manual recent activity check needed,"https://www.linkedin.com/sales/lead/ACwAAAHhemEB8f09TL4igX9R1mZVLsSjjYuU-A0,NAME_SEARCH,Iymc",85,Australia / founder,"Founder led company in target size filter. Review for hiring, growth, or people process trigger before sending.",not checked against client DNC yet,READY_FOR_MANUAL_REVIEW,founder_or_senior_owner_title; growth_or_people_language_in_profile; linkedin_url_present,,"| Ënterprise AI sense maker | Freudenfreude Jedi  | CEO @ 25hours.ai

Want 25+ hours back per month? Lets chat",,Greater Melbourne Area,ACwAAAHhemEB8f09TL4igX9R1mZVLsSjjYuU-A0
Matt Woodard,Founder and Co-Organiser,Melbourne Talent Meetup,Australia,https://www.linkedin.com/in/mattwoodard81,,SalesNav filter 11-50 or 51-200. Manual check needed for 10-100 band.,growth_or_people_language_in_profile,manual review needed,industry and founder role suggest possible fit; revenue not verified,manual recent activity check needed,"https://www.linkedin.com/sales/lead/ACwAAAEhzI4BudhkSl2zRTVs3mrJsmFxluGJxII,NAME_SEARCH,fDsc",85,Australia / founder,"Founder led company in target size filter. Review for hiring, growth, or people process trigger before sending.",not checked against client DNC yet,READY_FOR_MANUAL_REVIEW,founder_or_senior_owner_title; growth_or_people_language_in_profile; linkedin_url_present,,"Founder @ scalr | TA Strategy, Operations & Embedded Hiring | Host of ‘scalr sagecast’ | Community Builder",,"Melbourne, Victoria, Australia",ACwAAAEhzI4BudhkSl2zRTVs3mrJsmFxluGJxII
Mark Halstead,Managing Director,iCumulus,Australia,https://www.linkedin.com/in/markhalstead,,SalesNav filter 11-50 or 51-200. Manual check needed for 10-100 band.,growth_or_people_language_in_profile,manual review needed,industry and founder role suggest possible fit; revenue not verified,manual recent activity check needed,"https://www.linkedin.com/sales/lead/ACwAAABBsbABZFQOQFOEyJzm5ZVsml-W9S7JCYQ,NAME_SEARCH,0qGs",85,Australia / md_owner,"Founder led company in target size filter. Review for hiring, growth, or people process trigger before sending.",not checked against client DNC yet,READY_FOR_MANUAL_REVIEW,founder_or_senior_owner_title; growth_or_people_language_in_profile; linkedin_url_present,,"Managing Director @ iCumulus | Founder, Nitrobots.ai | Agentic AI & Sales Intelligence Pioneer | M&A & Executive Management",,"Sydney, New South Wales, Australia",ACwAAABBsbABZFQOQFOEyJzm5ZVsml-W9S7JCYQ
Mark Fernie,Managing Director - enTIRE Wheels,Vehicle Management Corporation Pty Ltd,Australia,https://www.linkedin.com/in/mark-fernie-2568981,,SalesNav filter 11-50 or 51-200. Manual check needed for 10-100 band.,growth_or_people_language_in_profile,manual review needed,industry and founder role suggest possible fit; revenue not verified,manual recent activity check needed,"https://www.linkedin.com/sales/lead/ACwAAABPAGIBcqTnYMoavqosR6VK9CaWC-CxXBQ,NAME_SEARCH,MZ4-",85,Australia / md_owner,"Founder led company in target size filter. Review for hiring, growth, or people process trigger before sending.",not checked against client DNC yet,READY_FOR_MANUAL_REVIEW,founder_or_senior_owner_title; growth_or_people_language_in_profile; linkedin_url_present,,"Marketing Director, Founder at enTIRE",,"Perth, Western Australia, Australia",ACwAAABPAGIBcqTnYMoavqosR6VK9CaWC-CxXBQ
Manuel Basiri,Co Founder - Development Director,Gemma.app Pty Ltd,Australia,https://www.linkedin.com/in/manuelbasiri,,SalesNav filter 11-50 or 51-200. Manual check needed for 10-100 band.,growth_or_people_language_in_profile,manual review needed,industry and founder role suggest possible fit; revenue not verified,manual recent activity check needed,"https://www.linkedin.com/sales/lead/ACwAAAcGmJsBXc3eBYnUdsy-GkItpQO30wqlbDY,NAME_SEARCH,GLpP",85,Australia / md_owner,"Founder led company in target size filter. Review for hiring, growth, or people process trigger before sending.",not checked against client DNC yet,READY_FOR_MANUAL_REVIEW,founder_or_senior_owner_title; growth_or_people_language_in_profile; linkedin_url_present,,"Director / Developer at Gemma.app & Eco Certificates - 
Systems Architect & Software Developer - 
Operator Focused Workflow Optimisation / Business Management Systems",,"Sydney, New South Wales, Australia",ACwAAAcGmJsBXc3eBYnUdsy-GkItpQO30wqlbDY
Louise Baxter,Non Executive Director,Community Council for Australia,Australia,https://www.linkedin.com/in/louisebaxter,,SalesNav filter 11-50 or 51-200. Manual check needed for 10-100 band.,growth_or_people_language_in_profile,manual review needed,industry and founder role suggest possible fit; revenue not verified,manual recent activity check needed,"https://www.linkedin.com/sales/lead/ACwAAAK5OzsBiJgFMAMNY3GIRtwwoNB2lm1F260,NAME_SEARCH,6px2",85,Australia / ceo,"Founder led company in target size filter. Review for hiring, growth, or people process trigger before sending.",not checked against client DNC yet,READY_FOR_MANUAL_REVIEW,founder_or_senior_owner_title; growth_or_people_language_in_profile; linkedin_url_present,,Chief Executive Officer & Executive Director at Starlight Children's Foundation Australia  ⭐️ Connected Leadership | Purpose & Impact | Positivity | Engagement,,"Sydney, New South Wales, Australia",ACwAAAK5OzsBiJgFMAMNY3GIRtwwoNB2lm1F260
Lisa Coletta,Founder and Managing Director,Governance Collective Pty Ltd,Australia,https://www.linkedin.com/in/lisa-coletta,,SalesNav filter 11-50 or 51-200. Manual check needed for 10-100 band.,growth_or_people_language_in_profile,manual review needed,industry and founder role suggest possible fit; revenue not verified,manual recent activity check needed,"https://www.linkedin.com/sales/lead/ACwAAAt1ecMBg-cAH_ZfCDufPf9R6wyIzzJpho8,NAME_SEARCH,7BDW",85,Australia / founder,"Founder led company in target size filter. Review for hiring, growth, or people process trigger before sending.",not checked against client DNC yet,READY_FOR_MANUAL_REVIEW,founder_or_senior_owner_title; growth_or_people_language_in_profile; linkedin_url_present,,Behavioural Governance. Power. Culture. Leadership Mindsets. Shaping governance architecture and decision-making environments.,,Australia,ACwAAAt1ecMBg-cAH_ZfCDufPf9R6wyIzzJpho8
"Kirsten Lunoe, MAICD",Co-Owner,"Turon Gates - Log Cabins, Glamping, Camping, Conferences",Australia,https://www.linkedin.com/in/kirsten-lunoe,,SalesNav filter 11-50 or 51-200. Manual check needed for 10-100 band.,growth_or_people_language_in_profile,manual review needed,industry and founder role suggest possible fit; revenue not verified,manual recent activity check needed,"https://www.linkedin.com/sales/lead/ACwAAAQV6p0BIw1B7ZfZc_OCiv8OTa6K1PG5RJQ,NAME_SEARCH,Oz6W",85,Australia / md_owner,"Founder led company in target size filter. Review for hiring, growth, or people process trigger before sending.",not checked against client DNC yet,READY_FOR_MANUAL_REVIEW,founder_or_senior_owner_title; growth_or_people_language_in_profile; linkedin_url_present,,Nature Lover  | Founder & CEO | B2B SaaS for Sustainable Procurement | Impact-Driven Tech | Green The Chain  | ESG Advisory Services | MAICD | MECLA & EIANZ member | Master of Sustainability (2026). BBus (Finance),,"Sydney, New South Wales, Australia",ACwAAAQV6p0BIw1B7ZfZc_OCiv8OTa6K1PG5RJQ
Kiran King,Chief Executive Officer - Australia ,The Launch Agency,Australia,https://www.linkedin.com/in/kiran-king,,SalesNav filter 11-50 or 51-200. Manual check needed for 10-100 band.,growth_or_people_language_in_profile,manual review needed,industry and founder role suggest possible fit; revenue not verified,manual recent activity check needed,"https://www.linkedin.com/sales/lead/ACwAAApMiywB9pLTP2YQORFmoWHYgxSWTdRqrSc,NAME_SEARCH,vey2",85,Australia / ceo,"Founder led company in target size filter. Review for hiring, growth, or people process trigger before sending.",not checked against client DNC yet,READY_FOR_MANUAL_REVIEW,founder_or_senior_owner_title; growth_or_people_language_in_profile; linkedin_url_present,,CEO @ Launch | Fractional CCO & CMO to Founder-Led Businesses | Driving Predictable Growth & Enterprise Value,,"Sydney, New South Wales, Australia",ACwAAApMiywB9pLTP2YQORFmoWHYgxSWTdRqrSc
Kevin McCreton,Founder,The Catalyst Report,Australia,https://www.linkedin.com/in/kevin-mccreton-561a553,,SalesNav filter 11-50 or 51-200. Manual check needed for 10-100 band.,growth_or_people_language_in_profile,manual review needed,industry and founder role suggest possible fit; revenue not verified,manual recent activity check needed,"https://www.linkedin.com/sales/lead/ACwAAACwYdkBCKoHxxF0M8xVWyiGFuIJgbqjt-Y,NAME_SEARCH,9RPs",85,Australia / founder,"Founder led company in target size filter. Review for hiring, growth, or people process trigger before sending.",not checked against client DNC yet,READY_FOR_MANUAL_REVIEW,founder_or_senior_owner_title; growth_or_people_language_in_profile; linkedin_url_present,,"Author, The Catalyst Report - 
Founder of Catalyst Research",,"Centennial Park, Western Australia, Australia",ACwAAACwYdkBCKoHxxF0M8xVWyiGFuIJgbqjt-Y
Ken Garrard,Founder and Creator of APO,KEPA Software,Australia,https://www.linkedin.com/in/ken-garrard-5106451,,SalesNav filter 11-50 or 51-200. Manual check needed for 10-100 band.,growth_or_people_language_in_profile,manual review needed,industry and founder role suggest possible fit; revenue not verified,manual recent activity check needed,"https://www.linkedin.com/sales/lead/ACwAAABFwJwBBVkB4d1C2Rd3hoCBcID_Q0Dqy54,NAME_SEARCH,n34X",85,Australia / founder,"Founder led company in target size filter. Review for hiring, growth, or people process trigger before sending.",not checked against client DNC yet,READY_FOR_MANUAL_REVIEW,founder_or_senior_owner_title; growth_or_people_language_in_profile; linkedin_url_present,,Thought Leader in Capital Investment Portfolio Optimisation | Creator of APO | Master Project Director,,"Davidson, New South Wales, Australia",ACwAAABFwJwBBVkB4d1C2Rd3hoCBcID_Q0Dqy54
Katie O'Keeffe,Co-Founder,Structured Creative,Australia,https://www.linkedin.com/in/katieo-keeffe,,SalesNav filter 11-50 or 51-200. Manual check needed for 10-100 band.,growth_or_people_language_in_profile,manual review needed,industry and founder role suggest possible fit; revenue not verified,manual recent activity check needed,"https://www.linkedin.com/sales/lead/ACwAAAAvPCUBYfrvWWacrrYkXCvSdqbz6DNS_14,NAME_SEARCH,t_qL",85,Australia / founder,"Founder led company in target size filter. Review for hiring, growth, or people process trigger before sending.",not checked against client DNC yet,READY_FOR_MANUAL_REVIEW,founder_or_senior_owner_title; growth_or_people_language_in_profile; linkedin_url_present,,"Helping leaders be their best | Transforming teams with data and evidence | Creating Healthy and Well Workplaces | Proven results with simple, impactful solutions to complex challenges | Co-Creator of TopTeams",,Greater Melbourne Area,ACwAAAAvPCUBYfrvWWacrrYkXCvSdqbz6DNS_14
Justeen Kirk,Founder & CEO,ISO Matters,Australia,https://www.linkedin.com/in/justeenkirk,,SalesNav filter 11-50 or 51-200. Manual check needed for 10-100 band.,growth_or_people_language_in_profile,manual review needed,industry and founder role suggest possible fit; revenue not verified,manual recent activity check needed,"https://www.linkedin.com/sales/lead/ACwAABENIdEBErdP8yF_kvIPObeufOai8FvudR8,NAME_SEARCH,KfaJ",85,Australia / founder,"Founder led company in target size filter. Review for hiring, growth, or people process trigger before sending.",not checked against client DNC yet,READY_FOR_MANUAL_REVIEW,founder_or_senior_owner_title; growth_or_people_language_in_profile; linkedin_url_present,,⚡ Helping $75K–$1M business owners escape the bottleneck | Build a business that runs without you.,,Australia,ACwAABENIdEBErdP8yF_kvIPObeufOai8FvudR8
Julius Schoenfeld,Co-Founder,Team Up Now Pty Ltd,Australia,https://www.linkedin.com/in/julius-schoenfeld,,SalesNav filter 11-50 or 51-200. Manual check needed for 10-100 band.,growth_or_people_language_in_profile,manual review needed,industry and founder role suggest possible fit; revenue not verified,manual recent activity check needed,"https://www.linkedin.com/sales/lead/ACwAAAbYdcsBDYrF-gPcZdsU7a0shB83iLQYQAA,NAME_SEARCH,KFAO",85,Australia / founder,"Founder led company in target size filter. Review for hiring, growth, or people process trigger before sending.",not checked against client DNC yet,READY_FOR_MANUAL_REVIEW,founder_or_senior_owner_title; growth_or_people_language_in_profile; linkedin_url_present,,Co-Founder @ Team Up Now | I help Australian businesses scale with ethical offshore teams — without the compliance risk or culture clash,,Greater Melbourne Area,ACwAAAbYdcsBDYrF-gPcZdsU7a0shB83iLQYQAA
Julian Fayad,Founder / CEO,LoanOptions.ai,Australia,https://www.linkedin.com/in/julianfayad,,SalesNav filter 11-50 or 51-200. Manual check needed for 10-100 band.,growth_or_people_language_in_profile,manual review needed,industry and founder role suggest possible fit; revenue not verified,manual recent activity check needed,"https://www.linkedin.com/sales/lead/ACwAAAoqWlABwkZ8UDAKTt7fX290BD0JMiDRXe0,NAME_SEARCH,XvPj",85,Australia / founder,"Founder led company in target size filter. Review for hiring, growth, or people process trigger before sending.",not checked against client DNC yet,READY_FOR_MANUAL_REVIEW,founder_or_senior_owner_title; growth_or_people_language_in_profile; linkedin_url_present,,Founder & CEO at LoanOptions.ai | Bootstrapped AI & Fintech | Top 100 Young Entrepreneur,,Greater Sydney Area,ACwAAAoqWlABwkZ8UDAKTt7fX290BD0JMiDRXe0
John Hempton,Chief Investment Officer / Founder,Bronte Capital Management Pty Ltd,Australia,https://www.linkedin.com/in/john-hempton-21b20846,,SalesNav filter 11-50 or 51-200. Manual check needed for 10-100 band.,growth_or_people_language_in_profile,manual review needed,industry and founder role suggest possible fit; revenue not verified,manual recent activity check needed,"https://www.linkedin.com/sales/lead/ACwAAAmkLzcBQ2Aeu0k-p9nac2dGMWeD9l_65FM,NAME_SEARCH,h_pj",85,Australia / founder,"Founder led company in target size filter. Review for hiring, growth, or people process trigger before sending.",not checked against client DNC yet,READY_FOR_MANUAL_REVIEW,founder_or_senior_owner_title; growth_or_people_language_in_profile; linkedin_url_present,,Chief Investment Officer / Founder at Bronte Capital,,Greater Sydney Area,ACwAAAmkLzcBQ2Aeu0k-p9nac2dGMWeD9l_65FM
John Bond,Founder & CEO,Visual Marketing Australia®,Australia,https://www.linkedin.com/in/john-bond-vma,,SalesNav filter 11-50 or 51-200. Manual check needed for 10-100 band.,growth_or_people_language_in_profile,manual review needed,industry and founder role suggest possible fit; revenue not verified,manual recent activity check needed,"https://www.linkedin.com/sales/lead/ACwAAAMe_KIB7Gn2KVuDQ9svhjeymsqzeE9XrEQ,NAME_SEARCH,PLao",85,Australia / founder,"Founder led company in target size filter. Review for hiring, growth, or people process trigger before sending.",not checked against client DNC yet,READY_FOR_MANUAL_REVIEW,founder_or_senior_owner_title; growth_or_people_language_in_profile; linkedin_url_present,,✔Digital Marketing Expert✔Zoho CRM Consulting Partner✔Certified Google Partner✔Digital Transformation Expert.,,"Bundall, Queensland, Australia",ACwAAAMe_KIB7Gn2KVuDQ9svhjeymsqzeE9XrEQ
Joe Woodham,CEO & Founder ,Torii Consulting,Australia,https://www.linkedin.com/in/joe-woodham,,SalesNav filter 11-50 or 51-200. Manual check needed for 10-100 band.,growth_or_people_language_in_profile,manual review needed,industry and founder role suggest possible fit; revenue not verified,manual recent activity check needed,"https://www.linkedin.com/sales/lead/ACwAAAIyofABtJjNb8FEtlhNXrdWXN0BlaZkbpI,NAME_SEARCH,1uOY",85,Australia / founder,"Founder led company in target size filter. Review for hiring, growth, or people process trigger before sending.",not checked against client DNC yet,READY_FOR_MANUAL_REVIEW,founder_or_senior_owner_title; growth_or_people_language_in_profile; linkedin_url_present,,"Senior product designers embedded in 7 days, not 12 weeks. No ramp-up. No risk. Proven across 100+ product teams.",,Greater Melbourne Area,ACwAAAIyofABtJjNb8FEtlhNXrdWXN0BlaZkbpI
Joanna Zhang,Founder & CEO,The Entrepreneurs Soulmate & Operations Genius,Australia,https://www.linkedin.com/in/zhang-joanna,,SalesNav filter 11-50 or 51-200. Manual check needed for 10-100 band.,growth_or_people_language_in_profile,manual review needed,industry and founder role suggest possible fit; revenue not verified,manual recent activity check needed,"https://www.linkedin.com/sales/lead/ACwAAAtQvk0Bj8Gmqc7h25lhEVH0x0Zctz7YrP8,NAME_SEARCH,gPRW",85,Australia / founder,"Founder led company in target size filter. Review for hiring, growth, or people process trigger before sending.",not checked against client DNC yet,READY_FOR_MANUAL_REVIEW,founder_or_senior_owner_title; growth_or_people_language_in_profile; linkedin_url_present,,"Board Chair for SMEs | Conscious Leadership & Transformational Speaker | Founder, The Operations Genius | Building Fractional C-Suite Advisory for Scalable Businesses",,Greater Sydney Area,ACwAAAtQvk0Bj8Gmqc7h25lhEVH0x0Zctz7YrP8
Jevon Le Roux,CEO & Co-Founder,Keeyu,Australia,https://www.linkedin.com/in/jevonleroux,,SalesNav filter 11-50 or 51-200. Manual check needed for 10-100 band.,growth_or_people_language_in_profile,manual review needed,industry and founder role suggest possible fit; revenue not verified,manual recent activity check needed,"https://www.linkedin.com/sales/lead/ACwAABDD7CgBEKqpTCS1BpffVNoISRa2Aig6OqM,NAME_SEARCH,kzTm",85,Australia / founder,"Founder led company in target size filter. Review for hiring, growth, or people process trigger before sending.",not checked against client DNC yet,READY_FOR_MANUAL_REVIEW,founder_or_senior_owner_title; growth_or_people_language_in_profile; linkedin_url_present,,"Every order is a promise. Keeyu keeps it. 
Proactive e-commerce operations for Shopify brands.",,"Sydney, New South Wales, Australia",ACwAABDD7CgBEKqpTCS1BpffVNoISRa2Aig6OqM
Jesse Ocean,Managing Director,Ooze Studios,Australia,https://www.linkedin.com/in/jesseocean,,SalesNav filter 11-50 or 51-200. Manual check needed for 10-100 band.,growth_or_people_language_in_profile,manual review needed,industry and founder role suggest possible fit; revenue not verified,manual recent activity check needed,"https://www.linkedin.com/sales/lead/ACwAAAf8ZOgBzJhu0iTcyE__U__CNKJIL7uBZQ4,NAME_SEARCH,11Rg",85,Australia / md_owner,"Founder led company in target size filter. Review for hiring, growth, or people process trigger before sending.",not checked against client DNC yet,READY_FOR_MANUAL_REVIEW,founder_or_senior_owner_title; growth_or_people_language_in_profile; linkedin_url_present,,Growth Expert | Results-Driven Team Leader | Ooze Studios - Best Agency to Work With in the World,,"Melbourne, Victoria, Australia",ACwAAAf8ZOgBzJhu0iTcyE__U__CNKJIL7uBZQ4
Jess Parker,Founder,JP Advisory,Australia,https://www.linkedin.com/in/jess-parker-cfo,,SalesNav filter 11-50 or 51-200. Manual check needed for 10-100 band.,growth_or_people_language_in_profile,manual review needed,industry and founder role suggest possible fit; revenue not verified,manual recent activity check needed,"https://www.linkedin.com/sales/lead/ACwAAAYSnhABVa-xSWTeZKvUCAGEHnfRwOYli8Q,NAME_SEARCH,g4EC",85,Australia / founder,"Founder led company in target size filter. Review for hiring, growth, or people process trigger before sending.",not checked against client DNC yet,READY_FOR_MANUAL_REVIEW,founder_or_senior_owner_title; growth_or_people_language_in_profile; linkedin_url_present,,"Expert Generalist for Family Office | Chartered Accountant | Finance, Operations & Technology | Curious by Nature",,"Canberra, Australian Capital Territory, Australia",ACwAAAYSnhABVa-xSWTeZKvUCAGEHnfRwOYli8Q
Jeremy Britton 🛡️觉明,"Founder, Chief Financial Officer",Boston Trading Co,Australia,https://www.linkedin.com/in/24hourwealthcoach,,SalesNav filter 11-50 or 51-200. Manual check needed for 10-100 band.,growth_or_people_language_in_profile,manual review needed,industry and founder role suggest possible fit; revenue not verified,manual recent activity check needed,"https://www.linkedin.com/sales/lead/ACwAAABdyZ0BOj4ngNGY4DSEMG_uFixEQQY7igU,NAME_SEARCH,yaxA",85,Australia / founder,"Founder led company in target size filter. Review for hiring, growth, or people process trigger before sending.",not checked against client DNC yet,READY_FOR_MANUAL_REVIEW,founder_or_senior_owner_title; growth_or_people_language_in_profile; linkedin_url_present,,"Founder/CFO, Boston Trading Co | Crypto Fund & Digital Asset Research | 30+ Years Financial Services | Former Senior Financial Planner WBC",,"Brisbane, Queensland, Australia",ACwAAABdyZ0BOj4ngNGY4DSEMG_uFixEQQY7igU
Jeff Teale,Founder & Director,HeXTalent,Australia,https://www.linkedin.com/in/jeffteale,,SalesNav filter 11-50 or 51-200. Manual check needed for 10-100 band.,growth_or_people_language_in_profile,manual review needed,industry and founder role suggest possible fit; revenue not verified,manual recent activity check needed,"https://www.linkedin.com/sales/lead/ACwAAAQ-n5gBoJajda068xOfgFJ6nIeKqMD-ljM,NAME_SEARCH,uEFa",85,Australia / founder,"Founder led company in target size filter. Review for hiring, growth, or people process trigger before sending.",not checked against client DNC yet,READY_FOR_MANUAL_REVIEW,founder_or_senior_owner_title; growth_or_people_language_in_profile; linkedin_url_present,,"Turning Ideas Into Bridges — Between People, Purpose & Opportunity.",,Greater Brisbane Area,ACwAAAQ-n5gBoJajda068xOfgFJ6nIeKqMD-ljM
Jason Titman,Executive Director & Founder,integr8 Group,Australia,https://www.linkedin.com/in/jasontitman,,SalesNav filter 11-50 or 51-200. Manual check needed for 10-100 band.,growth_or_people_language_in_profile,manual review needed,industry and founder role suggest possible fit; revenue not verified,manual recent activity check needed,"https://www.linkedin.com/sales/lead/ACwAAAHA0YsBDKuE4aoBRMpkG4vDBmSrIyA_LM0,NAME_SEARCH,-1Am",85,Australia / ceo,"Founder led company in target size filter. Review for hiring, growth, or people process trigger before sending.",not checked against client DNC yet,READY_FOR_MANUAL_REVIEW,founder_or_senior_owner_title; growth_or_people_language_in_profile; linkedin_url_present,,CEO Swyftx | ASX Company Director | Investor | Philanthropist,,Greater Brisbane Area,ACwAAAHA0YsBDKuE4aoBRMpkG4vDBmSrIyA_LM0
Jason De Silveira,Founder,SixDe Pty Ltd,Australia,https://www.linkedin.com/in/jason-de-silveira-135a651a,,SalesNav filter 11-50 or 51-200. Manual check needed for 10-100 band.,growth_or_people_language_in_profile,manual review needed,industry and founder role suggest possible fit; revenue not verified,manual recent activity check needed,"https://www.linkedin.com/sales/lead/ACwAAAQSYHkB3V0iiBeZJi2dl_HT5irYAtb2bSo,NAME_SEARCH,bspO",85,Australia / founder,"Founder led company in target size filter. Review for hiring, growth, or people process trigger before sending.",not checked against client DNC yet,READY_FOR_MANUAL_REVIEW,founder_or_senior_owner_title; growth_or_people_language_in_profile; linkedin_url_present,,"Founder and CEO @ Nexxis | Technology Integration, Custom solutions",,Greater Perth Area,ACwAAAQSYHkB3V0iiBeZJi2dl_HT5irYAtb2bSo
Jamie Nemtsas,Managing Director,Capital Outcomes,Australia,https://www.linkedin.com/in/jamienemtsas,,SalesNav filter 11-50 or 51-200. Manual check needed for 10-100 band.,growth_or_people_language_in_profile,manual review needed,industry and founder role suggest possible fit; revenue not verified,manual recent activity check needed,"https://www.linkedin.com/sales/lead/ACwAAAPCQnQBOYdSwvSJDKgzX4YqW52oFMO6xkg,NAME_SEARCH,aNtQ",85,Australia / md_owner,"Founder led company in target size filter. Review for hiring, growth, or people process trigger before sending.",not checked against client DNC yet,READY_FOR_MANUAL_REVIEW,founder_or_senior_owner_title; growth_or_people_language_in_profile; linkedin_url_present,,"Chair, Executive, Financial Planner, Leadership",,"Melbourne, Victoria, Australia",ACwAAAPCQnQBOYdSwvSJDKgzX4YqW52oFMO6xkg
Jamie King,Founder,Reyah Ai,Australia,https://www.linkedin.com/in/jamie-kking,,SalesNav filter 11-50 or 51-200. Manual check needed for 10-100 band.,growth_or_people_language_in_profile,manual review needed,industry and founder role suggest possible fit; revenue not verified,manual recent activity check needed,"https://www.linkedin.com/sales/lead/ACwAADiuYEcBMjs_JOa-fDuN3c3vwKzEcN0iChA,NAME_SEARCH,e4kB",85,Australia / founder,"Founder led company in target size filter. Review for hiring, growth, or people process trigger before sending.",not checked against client DNC yet,READY_FOR_MANUAL_REVIEW,founder_or_senior_owner_title; growth_or_people_language_in_profile; linkedin_url_present,,"We help medical clinics hire doctors and allied health professionals, and give them the systems to do it themselves forever.",,"Sydney, New South Wales, Australia",ACwAADiuYEcBMjs_JOa-fDuN3c3vwKzEcN0iChA
James Stanton MBA,Managing Director,Gablok Australia,Australia,https://www.linkedin.com/in/jamesmckenziestanton,,SalesNav filter 11-50 or 51-200. Manual check needed for 10-100 band.,growth_or_people_language_in_profile,manual review needed,industry and founder role suggest possible fit; revenue not verified,manual recent activity check needed,"https://www.linkedin.com/sales/lead/ACwAAACP-FsBfSCRfLv5TY8d2wRrTLBgtZcnbIo,NAME_SEARCH,EIDk",85,Australia / md_owner,"Founder led company in target size filter. Review for hiring, growth, or people process trigger before sending.",not checked against client DNC yet,READY_FOR_MANUAL_REVIEW,founder_or_senior_owner_title; growth_or_people_language_in_profile; linkedin_url_present,,Banking & Payments Transformation Executive | Transaction Banking | Open Banking | Cross-Border Payments | Digital Assets | Former IBM & Westpac | P&L Leadership $15M+,,Greater Sydney Area,ACwAAACP-FsBfSCRfLv5TY8d2wRrTLBgtZcnbIo
Jake Young,Founder,Neurocore,Australia,https://www.linkedin.com/in/jakeyoung-neurocore,,SalesNav filter 11-50 or 51-200. Manual check needed for 10-100 band.,growth_or_people_language_in_profile,manual review needed,industry and founder role suggest possible fit; revenue not verified,manual recent activity check needed,"https://www.linkedin.com/sales/lead/ACwAAEStFQIBslNGE37_6-LYnmWzWUGgFdLzeXA,NAME_SEARCH,84by",85,Australia / founder,"Founder led company in target size filter. Review for hiring, growth, or people process trigger before sending.",not checked against client DNC yet,READY_FOR_MANUAL_REVIEW,founder_or_senior_owner_title; growth_or_people_language_in_profile; linkedin_url_present,,"Founder @ Neurocore | Deterministic Infrastructure for Banking & Insurance | Automated Compliance (Anti-Hawking, RG 146, Privacy).",,"Burleigh Waters, Queensland, Australia",ACwAAEStFQIBslNGE37_6-LYnmWzWUGgFdLzeXA
Iyari Cevallos,Managing Director,Red Earth Talent,Australia,https://www.linkedin.com/in/iyari-cevallos,,SalesNav filter 11-50 or 51-200. Manual check needed for 10-100 band.,growth_or_people_language_in_profile,manual review needed,industry and founder role suggest possible fit; revenue not verified,manual recent activity check needed,"https://www.linkedin.com/sales/lead/ACwAAArNsOUBtIfGtjbfOv4n_NcDAaTjWPzMj-4,NAME_SEARCH,zie4",85,Australia / md_owner,"Founder led company in target size filter. Review for hiring, growth, or people process trigger before sending.",not checked against client DNC yet,READY_FOR_MANUAL_REVIEW,founder_or_senior_owner_title; growth_or_people_language_in_profile; linkedin_url_present,,Leadership & Culture | Transformation | Technology,,"Brisbane, Queensland, Australia",ACwAAArNsOUBtIfGtjbfOv4n_NcDAaTjWPzMj-4
Ivan Brinklow,Founder & Chairman at The Elympic Sports Federation,Elympic Sports Federation (ESF),Australia,https://www.linkedin.com/in/ivan-brinklow-0bb59628,,SalesNav filter 11-50 or 51-200. Manual check needed for 10-100 band.,growth_or_people_language_in_profile,manual review needed,industry and founder role suggest possible fit; revenue not verified,manual recent activity check needed,"https://www.linkedin.com/sales/lead/ACwAAAXH_g8BkBIygM1fbduRhFv0kFXL2Hx6ikg,NAME_SEARCH,LBYE",85,Australia / founder,"Founder led company in target size filter. Review for hiring, growth, or people process trigger before sending.",not checked against client DNC yet,READY_FOR_MANUAL_REVIEW,founder_or_senior_owner_title; growth_or_people_language_in_profile; linkedin_url_present,,"Founder & Chairman, Electronic Sports Entertainment (ESE) & Elympic Sports Federation (ESF) | Chair, Regional Meta Sports Commission (EWSF) | Architect of the Elympia Continuum, Future Sports, Technology & Infrastructure",,"Gold Coast, Queensland, Australia",ACwAAAXH_g8BkBIygM1fbduRhFv0kFXL2Hx6ikg
Imran Merchant,CEO and Founder,Perpetua Foundry,Australia,https://www.linkedin.com/in/imranmerchant,,SalesNav filter 11-50 or 51-200. Manual check needed for 10-100 band.,growth_or_people_language_in_profile,manual review needed,industry and founder role suggest possible fit; revenue not verified,manual recent activity check needed,"https://www.linkedin.com/sales/lead/ACwAAAF7cqIBkHizvOfMp0nnnSrEEuKKnmm8nJw,NAME_SEARCH,Zjsy",85,Australia / founder,"Founder led company in target size filter. Review for hiring, growth, or people process trigger before sending.",not checked against client DNC yet,READY_FOR_MANUAL_REVIEW,founder_or_senior_owner_title; growth_or_people_language_in_profile; linkedin_url_present,,Founder & CEO @ Perpetua Foundry | Building AI-Native Learning Intelligence Platform | Enterprise Architecture & AI Strategy Leader | 22+ Years Driving Digital Transformation,,"Melbourne, Victoria, Australia",ACwAAAF7cqIBkHizvOfMp0nnnSrEEuKKnmm8nJw
Iggy Jovanovic,Founder & CEO,Gerford AI,Australia,https://www.linkedin.com/in/iggy-jovanovic,,SalesNav filter 11-50 or 51-200. Manual check needed for 10-100 band.,growth_or_people_language_in_profile,manual review needed,industry and founder role suggest possible fit; revenue not verified,manual recent activity check needed,"https://www.linkedin.com/sales/lead/ACwAAAUkcVsBFVOcL-dHMw88H01FfUciFGmaHrU,NAME_SEARCH,C3HV",85,Australia / founder,"Founder led company in target size filter. Review for hiring, growth, or people process trigger before sending.",not checked against client DNC yet,READY_FOR_MANUAL_REVIEW,founder_or_senior_owner_title; growth_or_people_language_in_profile; linkedin_url_present,,Built AI for sport before AI became the trend. Now building AI solutions and automation for sport and business.,,Greater Sydney Area,ACwAAAUkcVsBFVOcL-dHMw88H01FfUciFGmaHrU
Hank Opdam,Fractional Chief Information Security Officer (CISO) | Founder of Cyber Matters Consulting Pty. Ltd.,Cyber Matters Consulting,Australia,https://www.linkedin.com/in/hankopdam,,SalesNav filter 11-50 or 51-200. Manual check needed for 10-100 band.,growth_or_people_language_in_profile,manual review needed,industry and founder role suggest possible fit; revenue not verified,manual recent activity check needed,"https://www.linkedin.com/sales/lead/ACwAAAAzeuAB3GbKp29PSnWeI4gLA9Y8IIPI9KA,NAME_SEARCH,FLQN",85,Australia / founder,"Founder led company in target size filter. Review for hiring, growth, or people process trigger before sending.",not checked against client DNC yet,READY_FOR_MANUAL_REVIEW,founder_or_senior_owner_title; growth_or_people_language_in_profile; linkedin_url_present,,Fractional Chief Information Security Officer (CISO) | Founder of Cyber Matters Consulting Pty. Ltd. at Cyber Matters Consulting,,Greater Sydney Area,ACwAAAAzeuAB3GbKp29PSnWeI4gLA9Y8IIPI9KA
Hamza Nizami,Chief Executive Officer,Developers Alley,Australia,https://www.linkedin.com/in/hamza-nizami,,SalesNav filter 11-50 or 51-200. Manual check needed for 10-100 band.,growth_or_people_language_in_profile,manual review needed,industry and founder role suggest possible fit; revenue not verified,manual recent activity check needed,"https://www.linkedin.com/sales/lead/ACwAADUlW_kBA7XS074rzYk_txI9W47uH7Hsbb0,NAME_SEARCH,ZoKl",85,Australia / ceo,"Founder led company in target size filter. Review for hiring, growth, or people process trigger before sending.",not checked against client DNC yet,READY_FOR_MANUAL_REVIEW,founder_or_senior_owner_title; growth_or_people_language_in_profile; linkedin_url_present,,Founder & CEO at Developers Alley | Building AI-Powered Outbound Sales Systems for $1M–$10M ARR Startups and B2B Companies ready to scale,,"Burwood, New South Wales, Australia",ACwAADUlW_kBA7XS074rzYk_txI9W47uH7Hsbb0
Gus McLennan,Founder & Managing Director,AI Dojo,Australia,https://www.linkedin.com/in/gusmclennan,,SalesNav filter 11-50 or 51-200. Manual check needed for 10-100 band.,growth_or_people_language_in_profile,manual review needed,industry and founder role suggest possible fit; revenue not verified,manual recent activity check needed,"https://www.linkedin.com/sales/lead/ACwAAAOeIVwB_i1gLLTOKBBsRh2KTZwfWCbB1bU,NAME_SEARCH,0Uym",85,Australia / founder,"Founder led company in target size filter. Review for hiring, growth, or people process trigger before sending.",not checked against client DNC yet,READY_FOR_MANUAL_REVIEW,founder_or_senior_owner_title; growth_or_people_language_in_profile; linkedin_url_present,,Co-Founder & Managing Director at AI Dojo,,Greater Melbourne Area,ACwAAAOeIVwB_i1gLLTOKBBsRh2KTZwfWCbB1bU
Glen Jansz,Managing Director,Mploy Outsourcing Solutions Pty Ltd,Australia,https://www.linkedin.com/in/glen-jansz-labourhire-staffing-recruitment-offshorestaffing,,SalesNav filter 11-50 or 51-200. Manual check needed for 10-100 band.,growth_or_people_language_in_profile,manual review needed,industry and founder role suggest possible fit; revenue not verified,manual recent activity check needed,"https://www.linkedin.com/sales/lead/ACwAAAO3akkBTMFKbKlZEGf31YU2oaf_Pm1KdSY,NAME_SEARCH,FGsr",85,Australia / md_owner,"Founder led company in target size filter. Review for hiring, growth, or people process trigger before sending.",not checked against client DNC yet,READY_FOR_MANUAL_REVIEW,founder_or_senior_owner_title; growth_or_people_language_in_profile; linkedin_url_present,,Co-Founder & Managing Director at MployHR and MployOS | Facilitating Client Success,,Australia,ACwAAAO3akkBTMFKbKlZEGf31YU2oaf_Pm1KdSY
Ferhan Naseem,"Co-Founder & Member, Board of Directors",AI Entrepreneurs Alliance,Australia,https://www.linkedin.com/in/ferhan-nasim,,SalesNav filter 11-50 or 51-200. Manual check needed for 10-100 band.,growth_or_people_language_in_profile,manual review needed,industry and founder role suggest possible fit; revenue not verified,manual recent activity check needed,"https://www.linkedin.com/sales/lead/ACwAAB7X6qkBwHdiWhvO9mVtsyXUjqgoHNmSa78,NAME_SEARCH,xPtM",85,Australia / founder,"Founder led company in target size filter. Review for hiring, growth, or people process trigger before sending.",not checked against client DNC yet,READY_FOR_MANUAL_REVIEW,founder_or_senior_owner_title; growth_or_people_language_in_profile; linkedin_url_present,,AI Engineering Partner for founders building product | CEO @ HubexTech |  50+ products shipped |  90%+ client retention |  5.0 ★ Clutch,,"Brookfield, Victoria, Australia",ACwAAB7X6qkBwHdiWhvO9mVtsyXUjqgoHNmSa78
Evan Hopkins,Founder | Managing Director | Program Manager,Ingenium Software,Australia,https://www.linkedin.com/in/hopkins-evan,,SalesNav filter 11-50 or 51-200. Manual check needed for 10-100 band.,growth_or_people_language_in_profile,manual review needed,industry and founder role suggest possible fit; revenue not verified,manual recent activity check needed,"https://www.linkedin.com/sales/lead/ACwAAAMEPmwBL00ysEIZ6XWv8bpQAzvxDS-N80s,NAME_SEARCH,4sU2",85,Australia / founder,"Founder led company in target size filter. Review for hiring, growth, or people process trigger before sending.",not checked against client DNC yet,READY_FOR_MANUAL_REVIEW,founder_or_senior_owner_title; growth_or_people_language_in_profile; linkedin_url_present,,Founder | D365 ERP Assurance | AI & Automation for Business  | Helping Business streamline operations drive revenue and giving real ROI outcomes with AI | FinTech | InsureTech | 30 years Software Experience,,Greater Melbourne Area,ACwAAAMEPmwBL00ysEIZ6XWv8bpQAzvxDS-N80s
Erica Smith,Managing Director,ISO Certification Experts,Australia,https://www.linkedin.com/in/ericacsmith,,SalesNav filter 11-50 or 51-200. Manual check needed for 10-100 band.,growth_or_people_language_in_profile,manual review needed,industry and founder role suggest possible fit; revenue not verified,manual recent activity check needed,"https://www.linkedin.com/sales/lead/ACwAAAfkMjEBm3kbPAhaW1bWPVpi4mO4qgA2nwg,NAME_SEARCH,sf8W",85,Australia / md_owner,"Founder led company in target size filter. Review for hiring, growth, or people process trigger before sending.",not checked against client DNC yet,READY_FOR_MANUAL_REVIEW,founder_or_senior_owner_title; growth_or_people_language_in_profile; linkedin_url_present,,Customised management system solutions that drive sustainable business growth and continual improvement | Founder and Managing Director at ISO Certification Experts & ICExperts Academy,,"Northmead, New South Wales, Australia",ACwAAAfkMjEBm3kbPAhaW1bWPVpi4mO4qgA2nwg
Dr Tanvir Uddin,Founder / CEO,Wholesum,Australia,https://www.linkedin.com/in/drtanvirauddin,,SalesNav filter 11-50 or 51-200. Manual check needed for 10-100 band.,growth_or_people_language_in_profile,manual review needed,industry and founder role suggest possible fit; revenue not verified,manual recent activity check needed,"https://www.linkedin.com/sales/lead/ACwAAALHkoEBtSR83Y_ZqudCocZZlNgrpfu2-4g,NAME_SEARCH,8R-Y",85,Australia / founder,"Founder led company in target size filter. Review for hiring, growth, or people process trigger before sending.",not checked against client DNC yet,READY_FOR_MANUAL_REVIEW,founder_or_senior_owner_title; growth_or_people_language_in_profile; linkedin_url_present,,Impact Investing | Responsible Finance | Sustainable Entrepreneurship | Speaker | MAICD,,"Sydney, New South Wales, Australia",ACwAAALHkoEBtSR83Y_ZqudCocZZlNgrpfu2-4g
Dora Eflin,Founder,Orison Tech,Australia,https://www.linkedin.com/in/dora-eflin-170b661,,SalesNav filter 11-50 or 51-200. Manual check needed for 10-100 band.,growth_or_people_language_in_profile,manual review needed,industry and founder role suggest possible fit; revenue not verified,manual recent activity check needed,"https://www.linkedin.com/sales/lead/ACwAAABZY2QBgPR6hWwC6C_BkIt7IG7x8OzJX0U,NAME_SEARCH,gZFg",85,Australia / founder,"Founder led company in target size filter. Review for hiring, growth, or people process trigger before sending.",not checked against client DNC yet,READY_FOR_MANUAL_REVIEW,founder_or_senior_owner_title; growth_or_people_language_in_profile; linkedin_url_present,,Founder at Orison Tech,,Greater Sydney Area,ACwAAABZY2QBgPR6hWwC6C_BkIt7IG7x8OzJX0U
Domenico Ammendolia,Chief Executive Officer,Trolley Data Management Network,Australia,https://www.linkedin.com/in/domenic-ammendolia,,SalesNav filter 11-50 or 51-200. Manual check needed for 10-100 band.,growth_or_people_language_in_profile,manual review needed,industry and founder role suggest possible fit; revenue not verified,manual recent activity check needed,"https://www.linkedin.com/sales/lead/ACwAAAsOshgB4mlpbU8ZctDz3NrWSsVDyPMnN9E,NAME_SEARCH,bNRf",85,Australia / ceo,"Founder led company in target size filter. Review for hiring, growth, or people process trigger before sending.",not checked against client DNC yet,READY_FOR_MANUAL_REVIEW,founder_or_senior_owner_title; growth_or_people_language_in_profile; linkedin_url_present,,"Founder & CEO | Smart Cart, Luggage & Mobility Rental Platforms | Smart Locking, Tracking & Asset Intelligence for Retail, Airports & Transport Hubs",,"Sydney, New South Wales, Australia",ACwAAAsOshgB4mlpbU8ZctDz3NrWSsVDyPMnN9E
Yuri Aquino,Managing Director,Leedsly.co,Philippines,https://www.linkedin.com/in/helloyuriaquino,,SalesNav filter 11-50 or 51-200. Manual check needed for 10-100 band.,growth_or_people_language_in_profile,manual review needed,industry and founder role suggest possible fit; revenue not verified,manual recent activity check needed,"https://www.linkedin.com/sales/lead/ACwAACvcIW8BZue-5-0C_ff3uNMev0aXA7Jo1X0,NAME_SEARCH,IQcu",85,Philippines / md_owner,"Founder led company in target size filter. Review for hiring, growth, or people process trigger before sending.",not checked against client DNC yet,READY_FOR_MANUAL_REVIEW,founder_or_senior_owner_title; growth_or_people_language_in_profile; linkedin_url_present,,Founder at Leedsly.co | Turn from invisible expert to obvious choice.,,Metro Manila,ACwAACvcIW8BZue-5-0C_ff3uNMev0aXA7Jo1X0
Vince Golangco,CEO / Founder,WhenInManila.com,Philippines,https://www.linkedin.com/in/vincegolangco,,SalesNav filter 11-50 or 51-200. Manual check needed for 10-100 band.,growth_or_people_language_in_profile,manual review needed,industry and founder role suggest possible fit; revenue not verified,manual recent activity check needed,"https://www.linkedin.com/sales/lead/ACwAAACZgFABfcdmGH_qz2WK4Z5EMCJ4VXBOKk8,NAME_SEARCH,GjSF",85,Philippines / founder,"Founder led company in target size filter. Review for hiring, growth, or people process trigger before sending.",not checked against client DNC yet,READY_FOR_MANUAL_REVIEW,founder_or_senior_owner_title; growth_or_people_language_in_profile; linkedin_url_present,,CEO @ WhenInManila.com,,"Metro Manila, National Capital Region, Philippines",ACwAAACZgFABfcdmGH_qz2WK4Z5EMCJ4VXBOKk8
Vince Dickson,Founder Cenzo's Espresso Bar,Cenzo's Espresso Bar,Philippines,https://www.linkedin.com/in/thevincedickson,,SalesNav filter 11-50 or 51-200. Manual check needed for 10-100 band.,growth_or_people_language_in_profile,manual review needed,industry and founder role suggest possible fit; revenue not verified,manual recent activity check needed,"https://www.linkedin.com/sales/lead/ACwAAASiWeEBKHQP4-NPrBl79JuStBtopkpaxpc,NAME_SEARCH,MWpu",85,Philippines / founder,"Founder led company in target size filter. Review for hiring, growth, or people process trigger before sending.",not checked against client DNC yet,READY_FOR_MANUAL_REVIEW,founder_or_senior_owner_title; growth_or_people_language_in_profile; linkedin_url_present,,"ZigZag Advertising, ZigZag Offshoring, Outposter, Cenzos Café and Bar and Leisure Lifestyle Villages.",,Metro Manila,ACwAAASiWeEBKHQP4-NPrBl79JuStBtopkpaxpc
Steve Wroblewski,Founder / President,People Offshore Inc,Philippines,https://www.linkedin.com/in/stevewroblewski,,SalesNav filter 11-50 or 51-200. Manual check needed for 10-100 band.,growth_or_people_language_in_profile,manual review needed,industry and founder role suggest possible fit; revenue not verified,manual recent activity check needed,"https://www.linkedin.com/sales/lead/ACwAAAACg_8BqnFQjld7Okqc-DGIJi7IhI20bnw,NAME_SEARCH,tTON",85,Philippines / founder,"Founder led company in target size filter. Review for hiring, growth, or people process trigger before sending.",not checked against client DNC yet,READY_FOR_MANUAL_REVIEW,founder_or_senior_owner_title; growth_or_people_language_in_profile; linkedin_url_present,,"Founder scaling three ventures for SMEs worldwide — 6560 AI Limited (private AI), Sentient AI Systems Inc (bespoke AI builds) & People Offshore Inc (offshore teams) · Asia-based since 1997",,"Concepcion, Central Luzon, Philippines",ACwAAAACg_8BqnFQjld7Okqc-DGIJi7IhI20bnw
Steve Sy,Co founder,SOFI AI Tech Solution Inc.,Philippines,https://www.linkedin.com/in/steve-sy-14909369,,SalesNav filter 11-50 or 51-200. Manual check needed for 10-100 band.,growth_or_people_language_in_profile,manual review needed,industry and founder role suggest possible fit; revenue not verified,manual recent activity check needed,"https://www.linkedin.com/sales/lead/ACwAAA5tfgkBuWdveD2mZ79lxgVBBWFHaTbX7ro,NAME_SEARCH,4hFb",85,Philippines / founder,"Founder led company in target size filter. Review for hiring, growth, or people process trigger before sending.",not checked against client DNC yet,READY_FOR_MANUAL_REVIEW,founder_or_senior_owner_title; growth_or_people_language_in_profile; linkedin_url_present,,Founder and CEO of Great Deals E-Commerce Corp#EY Technology Entrepreneur of the year #Endeavor Entrepreneur #Alibaba Efounder fellow #Mansmith Innovation Awardee  #Top 100 filipinos to follow on linkedn for inspiration,,"Metro Manila, National Capital Region, Philippines",ACwAAA5tfgkBuWdveD2mZ79lxgVBBWFHaTbX7ro
Shenalyn Portugal,Owner | Marketing Automation Strategist,Big Boat Digital,Philippines,https://www.linkedin.com/in/shenalynportugal,,SalesNav filter 11-50 or 51-200. Manual check needed for 10-100 band.,growth_or_people_language_in_profile,manual review needed,industry and founder role suggest possible fit; revenue not verified,manual recent activity check needed,"https://www.linkedin.com/sales/lead/ACwAABctL9QBivJUT-SYqNN1tk7XWOHOCPMgQUQ,NAME_SEARCH,p_rA",85,Philippines / md_owner,"Founder led company in target size filter. Review for hiring, growth, or people process trigger before sending.",not checked against client DNC yet,READY_FOR_MANUAL_REVIEW,founder_or_senior_owner_title; growth_or_people_language_in_profile; linkedin_url_present,,Founder @ AsensoPost Studio | WENURTURIO | Big Boat Digital | Engineer | Scaling $1M+ Brands,,Metro Manila,ACwAABctL9QBivJUT-SYqNN1tk7XWOHOCPMgQUQ
Shane Hermans,Founder,HiveMind.global,Philippines,https://www.linkedin.com/in/shane-hermans,,SalesNav filter 11-50 or 51-200. Manual check needed for 10-100 band.,growth_or_people_language_in_profile,manual review needed,industry and founder role suggest possible fit; revenue not verified,manual recent activity check needed,"https://www.linkedin.com/sales/lead/ACwAAAgMh50Ba9x9xS9RJ9Qi9LV3PSlTDB4la8U,NAME_SEARCH,UB0g",85,Philippines / founder,"Founder led company in target size filter. Review for hiring, growth, or people process trigger before sending.",not checked against client DNC yet,READY_FOR_MANUAL_REVIEW,founder_or_senior_owner_title; growth_or_people_language_in_profile; linkedin_url_present,,"Founder & Executive Leader | Multi-Venture Operator & Board Member across Aviation, Smart Cities & Regenerative Infrastructure",,"Manila, National Capital Region, Philippines",ACwAAAgMh50Ba9x9xS9RJ9Qi9LV3PSlTDB4la8U
"Samuel Pascual MBA, MSc, PGDip, CPHR",CEO and Owner,Pascual Brokers Company,Philippines,https://www.linkedin.com/in/samuel-pascual-mba-msc-pgdip-cphr-b24b5613a,,SalesNav filter 11-50 or 51-200. Manual check needed for 10-100 band.,growth_or_people_language_in_profile,manual review needed,industry and founder role suggest possible fit; revenue not verified,manual recent activity check needed,"https://www.linkedin.com/sales/lead/ACwAACH8Z8wBvewiNoglHZauw086KfbGMFY08iY,NAME_SEARCH,Mcrj",85,Philippines / md_owner,"Founder led company in target size filter. Review for hiring, growth, or people process trigger before sending.",not checked against client DNC yet,READY_FOR_MANUAL_REVIEW,founder_or_senior_owner_title; growth_or_people_language_in_profile; linkedin_url_present,,"CEO & Founder | Innovating Corporate Compensation & Benefits | 10+ Years in the HMO Industry | Enterprise Sales & Growth Strategist | 4x Founder | Passionate About Business, Leadership & Transformation",,"Metro Manila, National Capital Region, Philippines",ACwAACH8Z8wBvewiNoglHZauw086KfbGMFY08iY
Sadaf Gondal,Company Owner,SATEZO,Philippines,https://www.linkedin.com/in/sadafgondal,,SalesNav filter 11-50 or 51-200. Manual check needed for 10-100 band.,growth_or_people_language_in_profile,manual review needed,industry and founder role suggest possible fit; revenue not verified,manual recent activity check needed,"https://www.linkedin.com/sales/lead/ACwAAFQKFWgBJ4neKeov9cIRG47lhkwk6pAsxkM,NAME_SEARCH,xQZW",85,Philippines / md_owner,"Founder led company in target size filter. Review for hiring, growth, or people process trigger before sending.",not checked against client DNC yet,READY_FOR_MANUAL_REVIEW,founder_or_senior_owner_title; growth_or_people_language_in_profile; linkedin_url_present,,"Founder @ SATEZO | Building AI systems & software that save time, cut costs, and scale operations. | 500+ clients served | SaaS Expert
",,"Central Luzon, Philippines",ACwAAFQKFWgBJ4neKeov9cIRG47lhkwk6pAsxkM
Ryza D. Razo,CEO & Founder,Sparkles.ph ( Gold Jewelry E-commerce / Fintech Startup ),Philippines,https://www.linkedin.com/in/ryza-d-razo-5772276,,SalesNav filter 11-50 or 51-200. Manual check needed for 10-100 band.,growth_or_people_language_in_profile,manual review needed,industry and founder role suggest possible fit; revenue not verified,manual recent activity check needed,"https://www.linkedin.com/sales/lead/ACwAAAEZzGsBloDxQla0y1NtQxKlIrmBL0AWn_I,NAME_SEARCH,ZHxD",85,Philippines / ceo,"Founder led company in target size filter. Review for hiring, growth, or people process trigger before sending.",not checked against client DNC yet,READY_FOR_MANUAL_REVIEW,founder_or_senior_owner_title; growth_or_people_language_in_profile; linkedin_url_present,,CEO & Founder of SPARKLES.ph ( Gold E-commerce Fintech Startup ),,"Metro Manila, National Capital Region, Philippines",ACwAAAEZzGsBloDxQla0y1NtQxKlIrmBL0AWn_I
Royan Nidea,Founder,Nidea Media,Philippines,https://www.linkedin.com/in/royanidea,,SalesNav filter 11-50 or 51-200. Manual check needed for 10-100 band.,growth_or_people_language_in_profile,manual review needed,industry and founder role suggest possible fit; revenue not verified,manual recent activity check needed,"https://www.linkedin.com/sales/lead/ACwAAB1hLo8BDXLtWMqUSLofkmGpCxgqIvZf16Y,NAME_SEARCH,PZzb",85,Philippines / founder,"Founder led company in target size filter. Review for hiring, growth, or people process trigger before sending.",not checked against client DNC yet,READY_FOR_MANUAL_REVIEW,founder_or_senior_owner_title; growth_or_people_language_in_profile; linkedin_url_present,,Add $15k/mo income from Consulting in 90 days 👈,,"Naga, Bicol Region, Philippines",ACwAAB1hLo8BDXLtWMqUSLofkmGpCxgqIvZf16Y
Rosalie Pañares,Founder,Thaumazo Solutions Philippines,Philippines,https://www.linkedin.com/in/rosaliepanares,,SalesNav filter 11-50 or 51-200. Manual check needed for 10-100 band.,growth_or_people_language_in_profile,manual review needed,industry and founder role suggest possible fit; revenue not verified,manual recent activity check needed,"https://www.linkedin.com/sales/lead/ACwAAAoH5dEBBkUVQ1AgCoL5nhF0rV7W9vA4Z28,NAME_SEARCH,yBop",85,Philippines / founder,"Founder led company in target size filter. Review for hiring, growth, or people process trigger before sending.",not checked against client DNC yet,READY_FOR_MANUAL_REVIEW,founder_or_senior_owner_title; growth_or_people_language_in_profile; linkedin_url_present,,Founder @ Thaumazo Solutions | Thaumazo Express Transport Solutions (TEXTS) Inc.,,"Central Luzon, Philippines",ACwAAAoH5dEBBkUVQ1AgCoL5nhF0rV7W9vA4Z28
Roland M. Schaub,Founder & CEO,Agile Beyond BPO,Philippines,https://www.linkedin.com/in/roland-m-schaub-9417727,,SalesNav filter 11-50 or 51-200. Manual check needed for 10-100 band.,growth_or_people_language_in_profile,manual review needed,industry and founder role suggest possible fit; revenue not verified,manual recent activity check needed,"https://www.linkedin.com/sales/lead/ACwAAAFbzcEBtPTGW8zcoxByYxAv2ZiARUhCuHQ,NAME_SEARCH,W2Ov",85,Philippines / founder,"Founder led company in target size filter. Review for hiring, growth, or people process trigger before sending.",not checked against client DNC yet,READY_FOR_MANUAL_REVIEW,founder_or_senior_owner_title; growth_or_people_language_in_profile; linkedin_url_present,,Founder & CEO,,"Clark Freeport and Special Economic Zone, Central Luzon, Philippines",ACwAAAFbzcEBtPTGW8zcoxByYxAv2ZiARUhCuHQ
Robert W. van Zwieten,CEO | Founder,The Serendra Group,Philippines,https://www.linkedin.com/in/robertvanzwieten,,SalesNav filter 11-50 or 51-200. Manual check needed for 10-100 band.,growth_or_people_language_in_profile,manual review needed,industry and founder role suggest possible fit; revenue not verified,manual recent activity check needed,"https://www.linkedin.com/sales/lead/ACwAAAHRt3oBOY4zDvUw0Utq8SYvpNS_xaKWpck,NAME_SEARCH,Dglv",85,Philippines / ceo,"Founder led company in target size filter. Review for hiring, growth, or people process trigger before sending.",not checked against client DNC yet,READY_FOR_MANUAL_REVIEW,founder_or_senior_owner_title; growth_or_people_language_in_profile; linkedin_url_present,,Strategy | Development Finance | Climate Finance | Blended Finance | Energy Transition | Circular Economy | Gender Lens Investing | Systems Change | Corporate Governance  — DBA Candidate | Ducati aficionado,,Philippines,ACwAAAHRt3oBOY4zDvUw0Utq8SYvpNS_xaKWpck
Rizalino Roxas,Founder & CEO,RXS Meta Group,Philippines,https://www.linkedin.com/in/yenroxas,,SalesNav filter 11-50 or 51-200. Manual check needed for 10-100 band.,growth_or_people_language_in_profile,manual review needed,industry and founder role suggest possible fit; revenue not verified,manual recent activity check needed,"https://www.linkedin.com/sales/lead/ACwAAAcsAxUBFDdFZC0lgWozjvtXrY-QAOGtUTE,NAME_SEARCH,AKpt",85,Philippines / founder,"Founder led company in target size filter. Review for hiring, growth, or people process trigger before sending.",not checked against client DNC yet,READY_FOR_MANUAL_REVIEW,founder_or_senior_owner_title; growth_or_people_language_in_profile; linkedin_url_present,,"Founder & CEO, RXS Meta Group · AI + ESG Advisory for Philippine Enterprises · Innovating with Purpose",,"Metro Manila, National Capital Region, Philippines",ACwAAAcsAxUBFDdFZC0lgWozjvtXrY-QAOGtUTE
Rico Hernandez,VP/Owner,"Global Homeshoring, Inc.",Philippines,https://www.linkedin.com/in/mybusybee,,SalesNav filter 11-50 or 51-200. Manual check needed for 10-100 band.,growth_or_people_language_in_profile,manual review needed,industry and founder role suggest possible fit; revenue not verified,manual recent activity check needed,"https://www.linkedin.com/sales/lead/ACwAAAZxkiwBKe06NtbAPmonEpSeNjjfW3qwdZw,NAME_SEARCH,b19s",85,Philippines / md_owner,"Founder led company in target size filter. Review for hiring, growth, or people process trigger before sending.",not checked against client DNC yet,READY_FOR_MANUAL_REVIEW,founder_or_senior_owner_title; growth_or_people_language_in_profile; linkedin_url_present,,"CEO/Founder @ MyBusybee, Inc | MBA, Visionary, Servant Leader",,"Quezon City, National Capital Region, Philippines",ACwAAAZxkiwBKe06NtbAPmonEpSeNjjfW3qwdZw
Rico Bautista,Chief Executive Officer,ETX Ph,Philippines,https://www.linkedin.com/in/rico-bautista-3787305,,SalesNav filter 11-50 or 51-200. Manual check needed for 10-100 band.,growth_or_people_language_in_profile,manual review needed,industry and founder role suggest possible fit; revenue not verified,manual recent activity check needed,"https://www.linkedin.com/sales/lead/ACwAAAD_WQwBq7nQW6ANWvPG2_RSk0w3c_rZIG0,NAME_SEARCH,IYDD",85,Philippines / ceo,"Founder led company in target size filter. Review for hiring, growth, or people process trigger before sending.",not checked against client DNC yet,READY_FOR_MANUAL_REVIEW,founder_or_senior_owner_title; growth_or_people_language_in_profile; linkedin_url_present,,CEO | Visionary Leader in Transformational Sales & Leadership advocating Technology | Driving Profitability of Companies | Elevating Business Growth Across ASEAN | Seeking Speaking Engagements,,"Metro Manila, National Capital Region, Philippines",ACwAAAD_WQwBq7nQW6ANWvPG2_RSk0w3c_rZIG0
"Raymond Fernandez, LPT, MBA Candidate",Founder,Leads Konnect,Philippines,https://www.linkedin.com/in/raymondleadskonnect,,SalesNav filter 11-50 or 51-200. Manual check needed for 10-100 band.,growth_or_people_language_in_profile,manual review needed,industry and founder role suggest possible fit; revenue not verified,manual recent activity check needed,"https://www.linkedin.com/sales/lead/ACwAACcc65oBsU8TNv1cLUOAIr_X2cmfM-NHPW0,NAME_SEARCH,vbKx",85,Philippines / founder,"Founder led company in target size filter. Review for hiring, growth, or people process trigger before sending.",not checked against client DNC yet,READY_FOR_MANUAL_REVIEW,founder_or_senior_owner_title; growth_or_people_language_in_profile; linkedin_url_present,,Founder at Leads Konnect | Sales Operations | Partner - Growth Strategist | Market Research | Team Management | Licensed Professional Teacher | MBA Candidate,,Metro Manila,ACwAACcc65oBsU8TNv1cLUOAIr_X2cmfM-NHPW0
Randolf D.,Co-founder and Corporate Secretary,WorkSync Opum Solutions Inc.,Philippines,https://www.linkedin.com/in/randolf-d-558882bb,,SalesNav filter 11-50 or 51-200. Manual check needed for 10-100 band.,growth_or_people_language_in_profile,manual review needed,industry and founder role suggest possible fit; revenue not verified,manual recent activity check needed,"https://www.linkedin.com/sales/lead/ACwAABmUaJQBssyMi9jdP-vS5443_Dm0ZJdGfvs,NAME_SEARCH,Ow8U",85,Philippines / founder,"Founder led company in target size filter. Review for hiring, growth, or people process trigger before sending.",not checked against client DNC yet,READY_FOR_MANUAL_REVIEW,founder_or_senior_owner_title; growth_or_people_language_in_profile; linkedin_url_present,,"CPA | MBA | CTT | CrFA® | BOA, BIR and CDA Accredited Auditor and Tax Practitioner | CLSSGB | US HIPAA Certified | Traveler | Crypto Trader | Biker | Entrepreneur",,"Calabarzon, Philippines",ACwAABmUaJQBssyMi9jdP-vS5443_Dm0ZJdGfvs
Paul Soliman,Co-Founder / Chairman & Group CEO,BayaniChain ,Philippines,https://www.linkedin.com/in/paulsoliman,,SalesNav filter 11-50 or 51-200. Manual check needed for 10-100 band.,growth_or_people_language_in_profile,manual review needed,industry and founder role suggest possible fit; revenue not verified,manual recent activity check needed,"https://www.linkedin.com/sales/lead/ACwAAA4_AcwBQBYruijdiON082oAYmauwAZFdGk,NAME_SEARCH,4Hku",85,Philippines / founder,"Founder led company in target size filter. Review for hiring, growth, or people process trigger before sending.",not checked against client DNC yet,READY_FOR_MANUAL_REVIEW,founder_or_senior_owner_title; growth_or_people_language_in_profile; linkedin_url_present,,"Co-Founder- CEO BYC | Tatler Gen T. 2025| focusing on App Level Security, Blockchain & AI. Former Microsoft MVP & RD",,"Metro Manila, National Capital Region, Philippines",ACwAAA4_AcwBQBYruijdiON082oAYmauwAZFdGk
Patric Lengacher,CEO & Founder,Amihan Solutions,Philippines,https://www.linkedin.com/in/patric-lengacher,,SalesNav filter 11-50 or 51-200. Manual check needed for 10-100 band.,growth_or_people_language_in_profile,manual review needed,industry and founder role suggest possible fit; revenue not verified,manual recent activity check needed,"https://www.linkedin.com/sales/lead/ACwAAAgeguMB2rrm20EgHgpuUHQ8JYSi_mRHEt4,NAME_SEARCH,7pQB",85,Philippines / ceo,"Founder led company in target size filter. Review for hiring, growth, or people process trigger before sending.",not checked against client DNC yet,READY_FOR_MANUAL_REVIEW,founder_or_senior_owner_title; growth_or_people_language_in_profile; linkedin_url_present,,We Build Your Own Team with Amihan Solutions,,Metro Manila,ACwAAAgeguMB2rrm20EgHgpuUHQ8JYSi_mRHEt4
"Paolo Carlo D. Calanog, PhD",President and CEO,Offshoring2PH ,Philippines,https://www.linkedin.com/in/paolocarlocalanog,,SalesNav filter 11-50 or 51-200. Manual check needed for 10-100 band.,growth_or_people_language_in_profile,manual review needed,industry and founder role suggest possible fit; revenue not verified,manual recent activity check needed,"https://www.linkedin.com/sales/lead/ACwAAAIoIkYB5A0-tMY7y2fwn-gd5wgPkiUWKa0,NAME_SEARCH,4KWt",85,Philippines / ceo,"Founder led company in target size filter. Review for hiring, growth, or people process trigger before sending.",not checked against client DNC yet,READY_FOR_MANUAL_REVIEW,founder_or_senior_owner_title; growth_or_people_language_in_profile; linkedin_url_present,,Founder & CEO at Offshoring2PH | Helping SMBs Scale with Managed Offshore Teams | Customer Support • Operations • Accounting • Virtual Staff,,"San Jose del Monte, Central Luzon, Philippines",ACwAAAIoIkYB5A0-tMY7y2fwn-gd5wgPkiUWKa0
Oliver Lewis,Founder,Football Manila,Philippines,https://www.linkedin.com/in/oliverlewis10,,SalesNav filter 11-50 or 51-200. Manual check needed for 10-100 band.,growth_or_people_language_in_profile,manual review needed,industry and founder role suggest possible fit; revenue not verified,manual recent activity check needed,"https://www.linkedin.com/sales/lead/ACwAABC0-8cBiY5MHlP0lzGjDuiPUtsBGukx7qk,NAME_SEARCH,EfJo",85,Philippines / founder,"Founder led company in target size filter. Review for hiring, growth, or people process trigger before sending.",not checked against client DNC yet,READY_FOR_MANUAL_REVIEW,founder_or_senior_owner_title; growth_or_people_language_in_profile; linkedin_url_present,,Investor - Founder - CEO - Helping companies/individuals enter the Philippines and SE Asia.,,"Makati, National Capital Region, Philippines",ACwAABC0-8cBiY5MHlP0lzGjDuiPUtsBGukx7qk
Nolann Emmanuel Santos,Owner,Animo Lead Solutions,Philippines,https://www.linkedin.com/in/nolann-emmanuel-santos-0b70aa222,,SalesNav filter 11-50 or 51-200. Manual check needed for 10-100 band.,growth_or_people_language_in_profile,manual review needed,industry and founder role suggest possible fit; revenue not verified,manual recent activity check needed,"https://www.linkedin.com/sales/lead/ACwAADfmDgsBpd3XquYHscO83srRGb9AWPfqRc0,NAME_SEARCH,T3T4",85,Philippines / md_owner,"Founder led company in target size filter. Review for hiring, growth, or people process trigger before sending.",not checked against client DNC yet,READY_FOR_MANUAL_REVIEW,founder_or_senior_owner_title; growth_or_people_language_in_profile; linkedin_url_present,,Owner @ Animo Lead Solutions | We deliver sales-ready conversations to B2B teams using modern outbound GTM strategies,,"National Capital Region, Philippines",ACwAADfmDgsBpd3XquYHscO83srRGb9AWPfqRc0
Monagin Detablan,Business Owner,Xave Virtual Assistance Services,Philippines,https://www.linkedin.com/in/monagindetablan,,SalesNav filter 11-50 or 51-200. Manual check needed for 10-100 band.,growth_or_people_language_in_profile,manual review needed,industry and founder role suggest possible fit; revenue not verified,manual recent activity check needed,"https://www.linkedin.com/sales/lead/ACwAACRXRAMBtJlDL8Me3SFPUbxPM3S7Pd4p9Og,NAME_SEARCH,gNSK",85,Philippines / md_owner,"Founder led company in target size filter. Review for hiring, growth, or people process trigger before sending.",not checked against client DNC yet,READY_FOR_MANUAL_REVIEW,founder_or_senior_owner_title; growth_or_people_language_in_profile; linkedin_url_present,,"Online Business Manager | I build calm, scalable EOS-inspired systems | Helped double a service business | Tidal Flow Framework",,"Cagayan De Oro City, Northern Mindanao, Philippines",ACwAACRXRAMBtJlDL8Me3SFPUbxPM3S7Pd4p9Og
"Mike Ó 'Conroy DBA, MBA",Director & Co-Founder   IT-BPO | RPA | Ai | Data Mining | OCR | IDP | NLP | Doctoral Candidate IPA,Talk Bpo (Ireland) Ltd,Philippines,https://www.linkedin.com/in/michealoconroy,,SalesNav filter 11-50 or 51-200. Manual check needed for 10-100 band.,growth_or_people_language_in_profile,manual review needed,industry and founder role suggest possible fit; revenue not verified,manual recent activity check needed,"https://www.linkedin.com/sales/lead/ACwAAAFSYQkBlskc19dxEzyPDWAJeKpTUM68sQI,NAME_SEARCH,88dg",85,Philippines / founder,"Founder led company in target size filter. Review for hiring, growth, or people process trigger before sending.",not checked against client DNC yet,READY_FOR_MANUAL_REVIEW,founder_or_senior_owner_title; growth_or_people_language_in_profile; linkedin_url_present,,"Master Ai, before it Masters you! ",,"Derry City And Strabane, Northern Ireland, United Kingdom",ACwAAAFSYQkBlskc19dxEzyPDWAJeKpTUM68sQI
Miguel Guerrero,Chief Executive Officer,B Coffee PH,Philippines,https://www.linkedin.com/in/miguel-guerrero-59702117,,SalesNav filter 11-50 or 51-200. Manual check needed for 10-100 band.,growth_or_people_language_in_profile,manual review needed,industry and founder role suggest possible fit; revenue not verified,manual recent activity check needed,"https://www.linkedin.com/sales/lead/ACwAAANiXAMBQuaTxRce91q0Shy9wem5rNNmwd8,NAME_SEARCH,XBRM",85,Philippines / ceo,"Founder led company in target size filter. Review for hiring, growth, or people process trigger before sending.",not checked against client DNC yet,READY_FOR_MANUAL_REVIEW,founder_or_senior_owner_title; growth_or_people_language_in_profile; linkedin_url_present,,Chief Executive Officer at B Coffee | Co-Founder at Boozy.ph | Ex-Lazada | Ex-Diageo,,"Taguig, National Capital Region, Philippines",ACwAAANiXAMBQuaTxRce91q0Shy9wem5rNNmwd8
Miguel Carlos Arao,CEO & Founder,Alltomate,Philippines,https://www.linkedin.com/in/miguel-carlos-arao,,SalesNav filter 11-50 or 51-200. Manual check needed for 10-100 band.,growth_or_people_language_in_profile,manual review needed,industry and founder role suggest possible fit; revenue not verified,manual recent activity check needed,"https://www.linkedin.com/sales/lead/ACwAADRJR80BtF-MHsFCZsvtZQ0zNfvEVUWslaU,NAME_SEARCH,RhLA",85,Philippines / founder,"Founder led company in target size filter. Review for hiring, growth, or people process trigger before sending.",not checked against client DNC yet,READY_FOR_MANUAL_REVIEW,founder_or_senior_owner_title; growth_or_people_language_in_profile; linkedin_url_present,,🚀 Helping Founders & CEOs reach the next level by aligning automation with business goals | Founder & CEO at Alltomate,,"Valenzuela, National Capital Region, Philippines",ACwAADRJR80BtF-MHsFCZsvtZQ0zNfvEVUWslaU
Michael Bulman,Co-Founder & CCO,TrustClub,Philippines,https://www.linkedin.com/in/mbulman,,SalesNav filter 11-50 or 51-200. Manual check needed for 10-100 band.,growth_or_people_language_in_profile,manual review needed,industry and founder role suggest possible fit; revenue not verified,manual recent activity check needed,"https://www.linkedin.com/sales/lead/ACwAAA6rbtYBYtol9uF8nLVvbEnEG7ZnIWtYdE4,NAME_SEARCH,Vyj6",85,Philippines / founder,"Founder led company in target size filter. Review for hiring, growth, or people process trigger before sending.",not checked against client DNC yet,READY_FOR_MANUAL_REVIEW,founder_or_senior_owner_title; growth_or_people_language_in_profile; linkedin_url_present,,Co-founder & CCO at TrustClub,,"Cebu, Central Visayas, Philippines",ACwAAA6rbtYBYtol9uF8nLVvbEnEG7ZnIWtYdE4
Mark Oliver Riman,Owner & CEO,Taaw Beach Club,Philippines,https://www.linkedin.com/in/mark-oliver-riman-0a51828,,SalesNav filter 11-50 or 51-200. Manual check needed for 10-100 band.,growth_or_people_language_in_profile,manual review needed,industry and founder role suggest possible fit; revenue not verified,manual recent activity check needed,"https://www.linkedin.com/sales/lead/ACwAAAFy4f0B47OTSjI_74Zkw6F7KBSFmKVro6A,NAME_SEARCH,B8fh",85,Philippines / md_owner,"Founder led company in target size filter. Review for hiring, growth, or people process trigger before sending.",not checked against client DNC yet,READY_FOR_MANUAL_REVIEW,founder_or_senior_owner_title; growth_or_people_language_in_profile; linkedin_url_present,,"Founder | Venture Architect | Building Systems, Blueprints & Eco-Flywheels Across Hospitality, Education, Sustainability & AI | Mercedes-AMG Alumni",,"San Juan, Ilocos Region, Philippines",ACwAAAFy4f0B47OTSjI_74Zkw6F7KBSFmKVro6A
Maria Lourdes Tiquia PhD (c),Founder/CEO,"PUBLiCUS Asia, Inc.",Philippines,https://www.linkedin.com/in/maloutiquia,,SalesNav filter 11-50 or 51-200. Manual check needed for 10-100 band.,growth_or_people_language_in_profile,manual review needed,industry and founder role suggest possible fit; revenue not verified,manual recent activity check needed,"https://www.linkedin.com/sales/lead/ACwAAADiBUABDLXcv2ltX3nNrTR_sHw5CE9fvLg,NAME_SEARCH,U7OB",85,Philippines / ceo,"Founder led company in target size filter. Review for hiring, growth, or people process trigger before sending.",not checked against client DNC yet,READY_FOR_MANUAL_REVIEW,founder_or_senior_owner_title; growth_or_people_language_in_profile; linkedin_url_present,,Founder/Chairperson @ PUBLiCUS Asia Inc. | Crisis Management,,"Metro Manila, National Capital Region, Philippines",ACwAAADiBUABDLXcv2ltX3nNrTR_sHw5CE9fvLg
Malcolm Weed,Founder & CEO,SQRIL,Philippines,https://www.linkedin.com/in/malcolm-weed,,SalesNav filter 11-50 or 51-200. Manual check needed for 10-100 band.,growth_or_people_language_in_profile,manual review needed,industry and founder role suggest possible fit; revenue not verified,manual recent activity check needed,"https://www.linkedin.com/sales/lead/ACwAAAvDO74B6shvAYtwDn8Jtcbe_7xJkTBZF0w,NAME_SEARCH,z9Bx",85,Philippines / founder,"Founder led company in target size filter. Review for hiring, growth, or people process trigger before sending.",not checked against client DNC yet,READY_FOR_MANUAL_REVIEW,founder_or_senior_owner_title; growth_or_people_language_in_profile; linkedin_url_present,,"Founder & CEO I QR payments across Asia, Africa and Latin America.",,Metro Manila,ACwAAAvDO74B6shvAYtwDn8Jtcbe_7xJkTBZF0w
Maggie Po,Founder | Adviser to the CEO,Teetalk.ph Inc,Philippines,https://www.linkedin.com/in/maggie-po-20a62255,,SalesNav filter 11-50 or 51-200. Manual check needed for 10-100 band.,growth_or_people_language_in_profile,manual review needed,industry and founder role suggest possible fit; revenue not verified,manual recent activity check needed,"https://www.linkedin.com/sales/lead/ACwAAAupCKoBNJ-G_NsPOqameNqfsPbktw6X28s,NAME_SEARCH,c-wT",85,Philippines / ceo,"Founder led company in target size filter. Review for hiring, growth, or people process trigger before sending.",not checked against client DNC yet,READY_FOR_MANUAL_REVIEW,founder_or_senior_owner_title; growth_or_people_language_in_profile; linkedin_url_present,,"CEO, FullSuite | Data Intelligence behind Private Market AI.",,"Baguio City, Cordillera Admin Region, Philippines",ACwAAAupCKoBNJ-G_NsPOqameNqfsPbktw6X28s
Love Gregorie Perez,Founder,Armore Collective,Philippines,https://www.linkedin.com/in/lovegregoriemperez,,SalesNav filter 11-50 or 51-200. Manual check needed for 10-100 band.,growth_or_people_language_in_profile,manual review needed,industry and founder role suggest possible fit; revenue not verified,manual recent activity check needed,"https://www.linkedin.com/sales/lead/ACwAAAUqrS4Blj-hW5YSYQIq69nWe97SxjFsByo,NAME_SEARCH,-N90",85,Philippines / founder,"Founder led company in target size filter. Review for hiring, growth, or people process trigger before sending.",not checked against client DNC yet,READY_FOR_MANUAL_REVIEW,founder_or_senior_owner_title; growth_or_people_language_in_profile; linkedin_url_present,,"Founder, ARMORE COLLECTIVE |
Director, XCHANGE |
IE Brown EMBA Alum |
Impact investment executive | Ecosystem builder for social innovation",,"Metro Manila, National Capital Region, Philippines",ACwAAAUqrS4Blj-hW5YSYQIq69nWe97SxjFsByo
Louis Adrian Reyes,"Owner, Creative Director",Quadral.io,Philippines,https://www.linkedin.com/in/gametrailers,,SalesNav filter 11-50 or 51-200. Manual check needed for 10-100 band.,growth_or_people_language_in_profile,manual review needed,industry and founder role suggest possible fit; revenue not verified,manual recent activity check needed,"https://www.linkedin.com/sales/lead/ACwAACvkgAMBvt5e-fv5l8W_Ge9GLbL1NO07Q78,NAME_SEARCH,v09b",85,Philippines / md_owner,"Founder led company in target size filter. Review for hiring, growth, or people process trigger before sending.",not checked against client DNC yet,READY_FOR_MANUAL_REVIEW,founder_or_senior_owner_title; growth_or_people_language_in_profile; linkedin_url_present,,"Founder @ Quadral | Game trailers and ad creatives built to drive installs, wishlists, and players",,"Bulacan, Central Luzon, Philippines",ACwAACvkgAMBvt5e-fv5l8W_Ge9GLbL1NO07Q78
Lorna S. Bondoc,Founder and CxO,"YOVEO Digital, Inc.",Philippines,https://www.linkedin.com/in/yoveodigital,,SalesNav filter 11-50 or 51-200. Manual check needed for 10-100 band.,growth_or_people_language_in_profile,manual review needed,industry and founder role suggest possible fit; revenue not verified,manual recent activity check needed,"https://www.linkedin.com/sales/lead/ACwAAAHVCYsBN32NXVis4rkbZ-1aCwsbqpt7dJM,NAME_SEARCH,3JEM",85,Philippines / founder,"Founder led company in target size filter. Review for hiring, growth, or people process trigger before sending.",not checked against client DNC yet,READY_FOR_MANUAL_REVIEW,founder_or_senior_owner_title; growth_or_people_language_in_profile; linkedin_url_present,,"Founder and CxO, YOVEO Digital, Inc. | On-Demand Digital Ops  Orchestrator | Future of Work Policy Architect | UN-ITC Digital-Pinas Program Lead Expert ",,"Metro Cebu, Central Visayas, Philippines",ACwAAAHVCYsBN32NXVis4rkbZ-1aCwsbqpt7dJM
Lorelie Juntilla,Co-Founder / Managing Director,TGS BPO,Philippines,https://www.linkedin.com/in/loreliejuntilla,,SalesNav filter 11-50 or 51-200. Manual check needed for 10-100 band.,growth_or_people_language_in_profile,manual review needed,industry and founder role suggest possible fit; revenue not verified,manual recent activity check needed,"https://www.linkedin.com/sales/lead/ACwAAADnwKcBHkabIZeVVcPMcjsbNAr4UPukjFo,NAME_SEARCH,wLrv",85,Philippines / md_owner,"Founder led company in target size filter. Review for hiring, growth, or people process trigger before sending.",not checked against client DNC yet,READY_FOR_MANUAL_REVIEW,founder_or_senior_owner_title; growth_or_people_language_in_profile; linkedin_url_present,,Co-Founder @ TGS BPO (Avidus) | Strategic BPO Partner for Operational Efficiency & Global Impact | Driving Purpose-Driven Outsourcing,,"Cebu, Central Visayas, Philippines",ACwAAADnwKcBHkabIZeVVcPMcjsbNAr4UPukjFo
Lee Marvin Hormillosa,Co-Founder of www.tulkka.com,Tulkka,Philippines,https://www.linkedin.com/in/lee-marvin-hormillosa-540a20121,,SalesNav filter 11-50 or 51-200. Manual check needed for 10-100 band.,growth_or_people_language_in_profile,manual review needed,industry and founder role suggest possible fit; revenue not verified,manual recent activity check needed,"https://www.linkedin.com/sales/lead/ACwAAB46rQABin7-RZ7_6b4G352IyVIpzvMnnAQ,NAME_SEARCH,-qhG",85,Philippines / founder,"Founder led company in target size filter. Review for hiring, growth, or people process trigger before sending.",not checked against client DNC yet,READY_FOR_MANUAL_REVIEW,founder_or_senior_owner_title; growth_or_people_language_in_profile; linkedin_url_present,,Optimize your operations the right way,,Philippines,ACwAAB46rQABin7-RZ7_6b4G352IyVIpzvMnnAQ
"Krizanne Ty, MBA",Co-Founder,Girls Got Game Philippines,Philippines,https://www.linkedin.com/in/krizannety,,SalesNav filter 11-50 or 51-200. Manual check needed for 10-100 band.,growth_or_people_language_in_profile,manual review needed,industry and founder role suggest possible fit; revenue not verified,manual recent activity check needed,"https://www.linkedin.com/sales/lead/ACwAABH2olwBl5tS4ITi5hjdfI1p-omQPDydaL8,NAME_SEARCH,YIiz",85,Philippines / founder,"Founder led company in target size filter. Review for hiring, growth, or people process trigger before sending.",not checked against client DNC yet,READY_FOR_MANUAL_REVIEW,founder_or_senior_owner_title; growth_or_people_language_in_profile; linkedin_url_present,,Country Head @ Jia | FinTech | Lending | Digital Banking | Building a Fairer Financial World 🌏,,"Manila, National Capital Region, Philippines",ACwAABH2olwBl5tS4ITi5hjdfI1p-omQPDydaL8
Kristen Mariano,Founder,PasaJob,Philippines,https://www.linkedin.com/in/kristen-mariano-2139a1b5,,SalesNav filter 11-50 or 51-200. Manual check needed for 10-100 band.,growth_or_people_language_in_profile,manual review needed,industry and founder role suggest possible fit; revenue not verified,manual recent activity check needed,"https://www.linkedin.com/sales/lead/ACwAABiHbe8BXsKQ68euEYQnOQpM16ueW-4_-N0,NAME_SEARCH,66CM",85,Philippines / founder,"Founder led company in target size filter. Review for hiring, growth, or people process trigger before sending.",not checked against client DNC yet,READY_FOR_MANUAL_REVIEW,founder_or_senior_owner_title; growth_or_people_language_in_profile; linkedin_url_present,,Change Agent,,Philippines,ACwAABiHbe8BXsKQ68euEYQnOQpM16ueW-4_-N0
Kim Carlm ✭,Founder and CEO,OutsourceDesk PH,Philippines,https://www.linkedin.com/in/kim-carlm-jagorin,,SalesNav filter 11-50 or 51-200. Manual check needed for 10-100 band.,growth_or_people_language_in_profile,manual review needed,industry and founder role suggest possible fit; revenue not verified,manual recent activity check needed,"https://www.linkedin.com/sales/lead/ACwAADc7Zi4BSufjiX_wQ5VzpSVGMAK5NhgESO0,NAME_SEARCH,vceY",85,Philippines / founder,"Founder led company in target size filter. Review for hiring, growth, or people process trigger before sending.",not checked against client DNC yet,READY_FOR_MANUAL_REVIEW,founder_or_senior_owner_title; growth_or_people_language_in_profile; linkedin_url_present,,"Senior EA & Execution Architect | I Help CEOs & Founders Reclaim Their Time Through Execution Systems that Runs Even Without Them | 10+ Years Supporting Global Leaders | Founder, BEATS & OutsourceDesk PH 🇵🇭",,"Iloilo, Western Visayas, Philippines",ACwAADc7Zi4BSufjiX_wQ5VzpSVGMAK5NhgESO0
Kenneth James Berey,Chief Executive Officer & founder,ConnectWeb3,Philippines,https://www.linkedin.com/in/kenneth-james-berey-14688699,,SalesNav filter 11-50 or 51-200. Manual check needed for 10-100 band.,growth_or_people_language_in_profile,manual review needed,industry and founder role suggest possible fit; revenue not verified,manual recent activity check needed,"https://www.linkedin.com/sales/lead/ACwAABTz4UYBf7KyhVwOCn27DUZITOCpsh8Q8Ek,NAME_SEARCH,qRc3",85,Philippines / founder,"Founder led company in target size filter. Review for hiring, growth, or people process trigger before sending.",not checked against client DNC yet,READY_FOR_MANUAL_REVIEW,founder_or_senior_owner_title; growth_or_people_language_in_profile; linkedin_url_present,,CEO & Founder ConnectWeb3 Philippines - WEB3 BPO | RAISING FUNDS | BUILDING AWARENESS | GLOBAL EXPANSION | BRAND & COMMUNITY BUILDERS | MARKETING STRATEGIST | PH AMBASSADOR | @kenberrycw3 TG,,Philippines,ACwAABTz4UYBf7KyhVwOCn27DUZITOCpsh8Q8Ek
Joy Nasol,Chief Executive Officer,Bitduc8,Philippines,https://www.linkedin.com/in/joynasol,,SalesNav filter 11-50 or 51-200. Manual check needed for 10-100 band.,growth_or_people_language_in_profile,manual review needed,industry and founder role suggest possible fit; revenue not verified,manual recent activity check needed,"https://www.linkedin.com/sales/lead/ACwAACozBD8BpG2hAHLdVXGrA7XLXACrc4Q7M7c,NAME_SEARCH,Qp2o",85,Philippines / ceo,"Founder led company in target size filter. Review for hiring, growth, or people process trigger before sending.",not checked against client DNC yet,READY_FOR_MANUAL_REVIEW,founder_or_senior_owner_title; growth_or_people_language_in_profile; linkedin_url_present,,"Growth & Partnerships Leader | Web3 • Fintech • Marketing Ops | Driving GTM, Strategic Partnerships & Ecosystem Growth",,"Naga, Bicol Region, Philippines",ACwAACozBD8BpG2hAHLdVXGrA7XLXACrc4Q7M7c
Joshua Santiago,Founder & Senior Ecommerce AI Editor/Strategist,Dream Light Visual,Philippines,https://www.linkedin.com/in/santiagojoshuam,,SalesNav filter 11-50 or 51-200. Manual check needed for 10-100 band.,growth_or_people_language_in_profile,manual review needed,industry and founder role suggest possible fit; revenue not verified,manual recent activity check needed,"https://www.linkedin.com/sales/lead/ACwAADLklgEBB5IJ78F5onGmhnYovX07PpO5NjE,NAME_SEARCH,mxvs",85,Philippines / founder,"Founder led company in target size filter. Review for hiring, growth, or people process trigger before sending.",not checked against client DNC yet,READY_FOR_MANUAL_REVIEW,founder_or_senior_owner_title; growth_or_people_language_in_profile; linkedin_url_present,,"🏆 Upwork Top Rated Plus Senior Creative Strategist/Editor | Designer 🚀 Expert in ECommerce, UGC, VSL, Dropshipping, Amazon A+, DTC etc. | Advertising & Marketing | Video & Graphics Design Specialist using AI 🤖",,"Bulacan, Central Luzon, Philippines",ACwAADLklgEBB5IJ78F5onGmhnYovX07PpO5NjE
Jonel O.,Founder,ApusFly,Philippines,https://www.linkedin.com/in/jonelorale,,SalesNav filter 11-50 or 51-200. Manual check needed for 10-100 band.,growth_or_people_language_in_profile,manual review needed,industry and founder role suggest possible fit; revenue not verified,manual recent activity check needed,"https://www.linkedin.com/sales/lead/ACwAAEoDoEkBeiMfcw3nJfTe2r4tEFeQ0WoRXM0,NAME_SEARCH,F7sY",85,Philippines / founder,"Founder led company in target size filter. Review for hiring, growth, or people process trigger before sending.",not checked against client DNC yet,READY_FOR_MANUAL_REVIEW,founder_or_senior_owner_title; growth_or_people_language_in_profile; linkedin_url_present,,Founder & CEO | Building Drone-as-a-Service (DaaS) Infrastructure in the Philippines | FAA Part 107 Candidate | Pilot Institute Alumni,,"Bulacan, Central Luzon, Philippines",ACwAAEoDoEkBeiMfcw3nJfTe2r4tEFeQ0WoRXM0
John Keneth Dais,Founder & Managing Director,BrandlessPH,Philippines,https://www.linkedin.com/in/johnkenethdais,,SalesNav filter 11-50 or 51-200. Manual check needed for 10-100 band.,growth_or_people_language_in_profile,manual review needed,industry and founder role suggest possible fit; revenue not verified,manual recent activity check needed,"https://www.linkedin.com/sales/lead/ACwAACeX9o8B_RD73lLg0rnzaRMr5EcrZwfO1W0,NAME_SEARCH,vBuE",85,Philippines / md_owner,"Founder led company in target size filter. Review for hiring, growth, or people process trigger before sending.",not checked against client DNC yet,READY_FOR_MANUAL_REVIEW,founder_or_senior_owner_title; growth_or_people_language_in_profile; linkedin_url_present,,"Community Strategy, Growth and Brandbuilding | AI, InfoFi, GameFi, DeFi, Crypto, Metaverse |
Founder & Managing Partner @ BrandlessPH",,Metro Davao,ACwAACeX9o8B_RD73lLg0rnzaRMr5EcrZwfO1W0
Joever Monceda,Founder / CEO / CTO,Repoint Solutions,Philippines,https://www.linkedin.com/in/joever-monceda,,SalesNav filter 11-50 or 51-200. Manual check needed for 10-100 band.,growth_or_people_language_in_profile,manual review needed,industry and founder role suggest possible fit; revenue not verified,manual recent activity check needed,"https://www.linkedin.com/sales/lead/ACwAABCdVE4BKhfJf0vBwd4MhOF203Ice7Xm8b0,NAME_SEARCH,9CPB",85,Philippines / founder,"Founder led company in target size filter. Review for hiring, growth, or people process trigger before sending.",not checked against client DNC yet,READY_FOR_MANUAL_REVIEW,founder_or_senior_owner_title; growth_or_people_language_in_profile; linkedin_url_present,,Team Lead | AI & System Integrations | Solutions Architect | Sr. Software Engineer @ RePoint Solutions,,"Cagayan De Oro City, Northern Mindanao, Philippines",ACwAABCdVE4BKhfJf0vBwd4MhOF203Ice7Xm8b0
Jed Seculles,Co-Owner & CEO,Sprint19,Philippines,https://www.linkedin.com/in/jedford-seculles,,SalesNav filter 11-50 or 51-200. Manual check needed for 10-100 band.,growth_or_people_language_in_profile,manual review needed,industry and founder role suggest possible fit; revenue not verified,manual recent activity check needed,"https://www.linkedin.com/sales/lead/ACwAAAJhPHMBwlZ2-WHmAaRmfGh7J5yEDrSHZbc,NAME_SEARCH,l1A6",85,Philippines / md_owner,"Founder led company in target size filter. Review for hiring, growth, or people process trigger before sending.",not checked against client DNC yet,READY_FOR_MANUAL_REVIEW,founder_or_senior_owner_title; growth_or_people_language_in_profile; linkedin_url_present,,"Co-founder @ Sprint19 | Growth Partner | Claude Code, Cursor | Ruby on Rails | Cloud Management | Odoo Partner | CLSSBB | LSSBBT-AI",,Philippines,ACwAAAJhPHMBwlZ2-WHmAaRmfGh7J5yEDrSHZbc
Jay Fajardo,Founder and CEO,BetterClinic,Philippines,https://www.linkedin.com/in/jayfajardo,,SalesNav filter 11-50 or 51-200. Manual check needed for 10-100 band.,growth_or_people_language_in_profile,manual review needed,industry and founder role suggest possible fit; revenue not verified,manual recent activity check needed,"https://www.linkedin.com/sales/lead/ACwAAAAKT5QBw-ae-BDHMbOI51oSZCB8ZsRQmQQ,NAME_SEARCH,kNP4",85,Philippines / founder,"Founder led company in target size filter. Review for hiring, growth, or people process trigger before sending.",not checked against client DNC yet,READY_FOR_MANUAL_REVIEW,founder_or_senior_owner_title; growth_or_people_language_in_profile; linkedin_url_present,,"Founder CEO at BetterClinic - AI solutions to 10X clinician workflows and fight practitioner burnout  : CEO at Proudcloud deploying agile software development teams to startups, scaleups, and enterprise : 1 exit",,"Manila, National Capital Region, Philippines",ACwAAAAKT5QBw-ae-BDHMbOI51oSZCB8ZsRQmQQ
"Jan Michael Maglinao, CPA, CMA, CTT, CISA","Co-Founder, Auditing Reviewer, Corporate Treasurer",iCare Accountancy Review,Philippines,https://www.linkedin.com/in/jm-maglinao-cpa-cma,,SalesNav filter 11-50 or 51-200. Manual check needed for 10-100 band.,growth_or_people_language_in_profile,manual review needed,industry and founder role suggest possible fit; revenue not verified,manual recent activity check needed,"https://www.linkedin.com/sales/lead/ACwAABWX-98Br0HR1ByEgyoREj4UZ-cP2sYxHkk,NAME_SEARCH,Ulww",85,Philippines / founder,"Founder led company in target size filter. Review for hiring, growth, or people process trigger before sending.",not checked against client DNC yet,READY_FOR_MANUAL_REVIEW,founder_or_senior_owner_title; growth_or_people_language_in_profile; linkedin_url_present,,"BOA/BIR Accredited CPA | Ongoing MBA at Mapua | Auditing Reviewer & Corporate Treasurer, iCARE | US CMA | CTT | CISA",,"Lipa, Calabarzon, Philippines",ACwAABWX-98Br0HR1ByEgyoREj4UZ-cP2sYxHkk
Ira Jadee Gillera,Founder,Virtuali,Philippines,https://www.linkedin.com/in/irjdee,,SalesNav filter 11-50 or 51-200. Manual check needed for 10-100 band.,growth_or_people_language_in_profile,manual review needed,industry and founder role suggest possible fit; revenue not verified,manual recent activity check needed,"https://www.linkedin.com/sales/lead/ACwAAB7wQqMBLlZdoabGPCeReqrkNkZA2Z-Yil0,NAME_SEARCH,8ITk",85,Philippines / founder,"Founder led company in target size filter. Review for hiring, growth, or people process trigger before sending.",not checked against client DNC yet,READY_FOR_MANUAL_REVIEW,founder_or_senior_owner_title; growth_or_people_language_in_profile; linkedin_url_present,,Fractional CMO | Marketing Director | 10+ Years in Marketing Transformation,,"Central Luzon, Philippines",ACwAAB7wQqMBLlZdoabGPCeReqrkNkZA2Z-Yil0
Harm-Julian Schumacher,Co-Founder & CEO,OneLot,Philippines,https://www.linkedin.com/in/harm-julian-schumacher,,SalesNav filter 11-50 or 51-200. Manual check needed for 10-100 band.,growth_or_people_language_in_profile,manual review needed,industry and founder role suggest possible fit; revenue not verified,manual recent activity check needed,"https://www.linkedin.com/sales/lead/ACwAABGNLH0BbfHq0hYYQoS0muQGX2JWqv2OAB8,NAME_SEARCH,cuvU",85,Philippines / founder,"Founder led company in target size filter. Review for hiring, growth, or people process trigger before sending.",not checked against client DNC yet,READY_FOR_MANUAL_REVIEW,founder_or_senior_owner_title; growth_or_people_language_in_profile; linkedin_url_present,,Co-Founder & CEO OneLot | Ex-Bain,,Metro Manila,ACwAABGNLH0BbfHq0hYYQoS0muQGX2JWqv2OAB8
Guita Gopalan,CEO & Founder,Agyle Brands,Philippines,https://www.linkedin.com/in/guitagopalan,,SalesNav filter 11-50 or 51-200. Manual check needed for 10-100 band.,growth_or_people_language_in_profile,manual review needed,industry and founder role suggest possible fit; revenue not verified,manual recent activity check needed,"https://www.linkedin.com/sales/lead/ACwAAAD-dI4BcTAYPF32amGmgL8KslzfUYJTUvY,NAME_SEARCH,nDFr",85,Philippines / founder,"Founder led company in target size filter. Review for hiring, growth, or people process trigger before sending.",not checked against client DNC yet,READY_FOR_MANUAL_REVIEW,founder_or_senior_owner_title; growth_or_people_language_in_profile; linkedin_url_present,,Growth Strategist scaling consumer brands from 0-100M through aligned ownership & shared upside | Strategy: Retail/eCommerce - Digital TXN - CX - CVR Optimization | Venture Builder | ESG & DEI Advocate,,"Metro Manila, National Capital Region, Philippines",ACwAAAD-dI4BcTAYPF32amGmgL8KslzfUYJTUvY
Francis Koa,Owner,Gourmet District,Philippines,https://www.linkedin.com/in/francis-koa-10a733265,,SalesNav filter 11-50 or 51-200. Manual check needed for 10-100 band.,growth_or_people_language_in_profile,manual review needed,industry and founder role suggest possible fit; revenue not verified,manual recent activity check needed,"https://www.linkedin.com/sales/lead/ACwAAEER69oBKUMW6YqoWRNrV1nqVGJIdLPO01Y,NAME_SEARCH,DIOL",85,Philippines / md_owner,"Founder led company in target size filter. Review for hiring, growth, or people process trigger before sending.",not checked against client DNC yet,READY_FOR_MANUAL_REVIEW,founder_or_senior_owner_title; growth_or_people_language_in_profile; linkedin_url_present,,Founder at Revenue Studio,,"National Capital Region, Philippines",ACwAAEER69oBKUMW6YqoWRNrV1nqVGJIdLPO01Y
Erwin Kok,Co-Founder,Remotify,Philippines,https://www.linkedin.com/in/erwinkok,,SalesNav filter 11-50 or 51-200. Manual check needed for 10-100 band.,growth_or_people_language_in_profile,manual review needed,industry and founder role suggest possible fit; revenue not verified,manual recent activity check needed,"https://www.linkedin.com/sales/lead/ACwAAAMRUG0BrN_Ne3vlZtiZsU_Qb6T5bCL1SB8,NAME_SEARCH,A3Oh",85,Philippines / founder,"Founder led company in target size filter. Review for hiring, growth, or people process trigger before sending.",not checked against client DNC yet,READY_FOR_MANUAL_REVIEW,founder_or_senior_owner_title; growth_or_people_language_in_profile; linkedin_url_present,,"Co-Founder at Remotify | Hire & convert PH talent into compliant employees (EOR, payroll, benefits) | Avoid misclassification risk",,"Antipolo, Calabarzon, Philippines",ACwAAAMRUG0BrN_Ne3vlZtiZsU_Qb6T5bCL1SB8
Ernesto ​(Boogie) B.,Co-Founder and Chief Technology Officer,Tagpros,Philippines,https://www.linkedin.com/in/boogieboydon,,SalesNav filter 11-50 or 51-200. Manual check needed for 10-100 band.,growth_or_people_language_in_profile,manual review needed,industry and founder role suggest possible fit; revenue not verified,manual recent activity check needed,"https://www.linkedin.com/sales/lead/ACwAAAAFUtAB4aEE-g9m-hbeiFnFAjTEPIlmyTE,NAME_SEARCH,BZNJ",85,Philippines / founder,"Founder led company in target size filter. Review for hiring, growth, or people process trigger before sending.",not checked against client DNC yet,READY_FOR_MANUAL_REVIEW,founder_or_senior_owner_title; growth_or_people_language_in_profile; linkedin_url_present,,Transforming businesses with The Davidic Growth Paradigm | Bridging academe and industry through ugnAIan,,"Bulacan, Central Luzon, Philippines",ACwAAAAFUtAB4aEE-g9m-hbeiFnFAjTEPIlmyTE
Ericson Dalusong,Founder ,Lead Assassin,Philippines,https://www.linkedin.com/in/ericson-dalusong-881aab26,,SalesNav filter 11-50 or 51-200. Manual check needed for 10-100 band.,growth_or_people_language_in_profile,manual review needed,industry and founder role suggest possible fit; revenue not verified,manual recent activity check needed,"https://www.linkedin.com/sales/lead/ACwAAAWAUSEBocAn9zAp1eOn7bT9ipcSiZn_VP0,NAME_SEARCH,-UW7",85,Philippines / founder,"Founder led company in target size filter. Review for hiring, growth, or people process trigger before sending.",not checked against client DNC yet,READY_FOR_MANUAL_REVIEW,founder_or_senior_owner_title; growth_or_people_language_in_profile; linkedin_url_present,,Founder & GTM @ Lead Assassin,,Metro Manila,ACwAAAWAUSEBocAn9zAp1eOn7bT9ipcSiZn_VP0
Eloiza Serate,President and Founder,Virtual Champions,Philippines,https://www.linkedin.com/in/eloiza-serate,,SalesNav filter 11-50 or 51-200. Manual check needed for 10-100 band.,growth_or_people_language_in_profile,manual review needed,industry and founder role suggest possible fit; revenue not verified,manual recent activity check needed,"https://www.linkedin.com/sales/lead/ACwAABaLlA8Brxku61ojuPdzAbIePvYhEQJCpk4,NAME_SEARCH,mkUa",85,Philippines / founder,"Founder led company in target size filter. Review for hiring, growth, or people process trigger before sending.",not checked against client DNC yet,READY_FOR_MANUAL_REVIEW,founder_or_senior_owner_title; growth_or_people_language_in_profile; linkedin_url_present,,Has a love and hate relationship with ClickUp,,"Muntinglupa, Philippines",ACwAABaLlA8Brxku61ojuPdzAbIePvYhEQJCpk4
Edward Musiak,Founder and CEO ,Musiak Consultancy,Philippines,https://www.linkedin.com/in/edwardmusiak,,SalesNav filter 11-50 or 51-200. Manual check needed for 10-100 band.,growth_or_people_language_in_profile,manual review needed,industry and founder role suggest possible fit; revenue not verified,manual recent activity check needed,"https://www.linkedin.com/sales/lead/ACwAAABNx-4BGELYjMuU2-wXqENMeKNPYCyShUM,NAME_SEARCH,qSGO",85,Philippines / founder,"Founder led company in target size filter. Review for hiring, growth, or people process trigger before sending.",not checked against client DNC yet,READY_FOR_MANUAL_REVIEW,founder_or_senior_owner_title; growth_or_people_language_in_profile; linkedin_url_present,,"🔍Founder, Musiak Consultancy | Helping SME CEOs Find Why Sales Activity Is Not Converting Into Predictable Revenue",,"Taguig, National Capital Region, Philippines",ACwAAABNx-4BGELYjMuU2-wXqENMeKNPYCyShUM
"Dianne Samonte, CPA",Founder & CEO,ProActive Offshore Accounting Solutions,Philippines,https://www.linkedin.com/in/dianne-samonte-cpa,,SalesNav filter 11-50 or 51-200. Manual check needed for 10-100 band.,growth_or_people_language_in_profile,manual review needed,industry and founder role suggest possible fit; revenue not verified,manual recent activity check needed,"https://www.linkedin.com/sales/lead/ACwAACah-I0BMi9dp_mvfNGARk7zwpd6yN7tF4I,NAME_SEARCH,lHpH",85,Philippines / founder,"Founder led company in target size filter. Review for hiring, growth, or people process trigger before sending.",not checked against client DNC yet,READY_FOR_MANUAL_REVIEW,founder_or_senior_owner_title; growth_or_people_language_in_profile; linkedin_url_present,,Finance Team Architect for CPA Firms and Startups | Managed Accounting Teams That Drive Profit,,"Manila, National Capital Region, Philippines",ACwAACah-I0BMi9dp_mvfNGARk7zwpd6yN7tF4I
Dennis Velasco,CEO,Prosperna,Philippines,https://www.linkedin.com/in/dennis-velasco,,SalesNav filter 11-50 or 51-200. Manual check needed for 10-100 band.,growth_or_people_language_in_profile,manual review needed,industry and founder role suggest possible fit; revenue not verified,manual recent activity check needed,"https://www.linkedin.com/sales/lead/ACwAACb2yXUBBOd37_iYpmHwQV6nggkzUl7WuLE,NAME_SEARCH,gWpg",85,Philippines / founder,"Founder led company in target size filter. Review for hiring, growth, or people process trigger before sending.",not checked against client DNC yet,READY_FOR_MANUAL_REVIEW,founder_or_senior_owner_title; growth_or_people_language_in_profile; linkedin_url_present,,"Founder & CEO - Scaling GTM, eCommerce and how software is built with AI | Top 70 Most Influential People in Philippine Startup Scene | Philippines’ Top 30 Leaders on LinkedIn | Top 10 Philippine Startups",,Metro Manila,ACwAACb2yXUBBOd37_iYpmHwQV6nggkzUl7WuLE
Dave Almarinez,Founder & CEO,PeekUp,Philippines,https://www.linkedin.com/in/dave-almarinez-20944129,,SalesNav filter 11-50 or 51-200. Manual check needed for 10-100 band.,growth_or_people_language_in_profile,manual review needed,industry and founder role suggest possible fit; revenue not verified,manual recent activity check needed,"https://www.linkedin.com/sales/lead/ACwAAAXwC-kBmMmT3a8cQKEC80jIx8KARmVXN7A,NAME_SEARCH,gUJ9",85,Philippines / founder,"Founder led company in target size filter. Review for hiring, growth, or people process trigger before sending.",not checked against client DNC yet,READY_FOR_MANUAL_REVIEW,founder_or_senior_owner_title; growth_or_people_language_in_profile; linkedin_url_present,,"Founder, CEO & Entrepreneur                                                                               Always in Technology, Automation, Innovations & most importantly RESULTS.",,Philippines,ACwAAAXwC-kBmMmT3a8cQKEC80jIx8KARmVXN7A
DR. SAZZAD KHAN,CEO,INTER-ASIA EAGLE PETROLEUM AND OIL CORPORATION,Philippines,https://www.linkedin.com/in/svgph,,SalesNav filter 11-50 or 51-200. Manual check needed for 10-100 band.,growth_or_people_language_in_profile,manual review needed,industry and founder role suggest possible fit; revenue not verified,manual recent activity check needed,"https://www.linkedin.com/sales/lead/ACwAAAMr-TYBb9BAtmmmnZTcFVRwaeA_VXvAccY,NAME_SEARCH,XCGX",85,Philippines / founder,"Founder led company in target size filter. Review for hiring, growth, or people process trigger before sending.",not checked against client DNC yet,READY_FOR_MANUAL_REVIEW,founder_or_senior_owner_title; growth_or_people_language_in_profile; linkedin_url_present,,Founder & CEO | Trade Finance & Digital Solutions Expert | Empowering Global Innovation at Silicon Valley Global PH Inc.,,"Quezon City, National Capital Region, Philippines",ACwAAAMr-TYBb9BAtmmmnZTcFVRwaeA_VXvAccY
DOOH by Alvin Carranza,Founder,Digital-Out-Of-Home Philippines,Philippines,https://www.linkedin.com/in/dooh-by-alvin-carranza-68b89981,,SalesNav filter 11-50 or 51-200. Manual check needed for 10-100 band.,growth_or_people_language_in_profile,manual review needed,industry and founder role suggest possible fit; revenue not verified,manual recent activity check needed,"https://www.linkedin.com/sales/lead/ACwAABFlCYsBdsp09UDE44lfZpMyyg0U4Votyck,NAME_SEARCH,MekU",85,Philippines / founder,"Founder led company in target size filter. Review for hiring, growth, or people process trigger before sending.",not checked against client DNC yet,READY_FOR_MANUAL_REVIEW,founder_or_senior_owner_title; growth_or_people_language_in_profile; linkedin_url_present,,"Share inspiring stories with the world—one billboard at a time. From EDSA to our global network, you can find the right platform via dooh.ph",,"Metro Manila, National Capital Region, Philippines",ACwAABFlCYsBdsp09UDE44lfZpMyyg0U4Votyck
Cyrus G.,Co-founder & Co-Chief Executive Officer,AstraDex AI,Philippines,https://www.linkedin.com/in/mrcmg,,SalesNav filter 11-50 or 51-200. Manual check needed for 10-100 band.,growth_or_people_language_in_profile,manual review needed,industry and founder role suggest possible fit; revenue not verified,manual recent activity check needed,"https://www.linkedin.com/sales/lead/ACwAACOnqzEBYE2ZHaI6qzKzWukaS01GDvleZuk,NAME_SEARCH,rwU0",85,Philippines / founder,"Founder led company in target size filter. Review for hiring, growth, or people process trigger before sending.",not checked against client DNC yet,READY_FOR_MANUAL_REVIEW,founder_or_senior_owner_title; growth_or_people_language_in_profile; linkedin_url_present,,Technical Project Manager | Digital Innovation & Process Excellence | Former Startup Founder,,Metro Manila,ACwAACOnqzEBYE2ZHaI6qzKzWukaS01GDvleZuk
Cody Lardizabal - Founder of HighLevel Architects by Optogrow,Founder and Tech COO,OptoGrow - Operations Management Solutions,Philippines,https://www.linkedin.com/in/codyhighlevelarchitect,,SalesNav filter 11-50 or 51-200. Manual check needed for 10-100 band.,growth_or_people_language_in_profile,manual review needed,industry and founder role suggest possible fit; revenue not verified,manual recent activity check needed,"https://www.linkedin.com/sales/lead/ACwAACVOV8gBF-LvSigP6j6YxbGcTveBr4XcaJw,NAME_SEARCH,PnWI",85,Philippines / founder,"Founder led company in target size filter. Review for hiring, growth, or people process trigger before sending.",not checked against client DNC yet,READY_FOR_MANUAL_REVIEW,founder_or_senior_owner_title; growth_or_people_language_in_profile; linkedin_url_present,,"Fractional Process & Systems COO | Business Automation Expert | GoHighLevel Strategist | Helping Agencies Scale through systems, CRM builds, and Marketing Automation.",,Metro Manila,ACwAACVOV8gBF-LvSigP6j6YxbGcTveBr4XcaJw
Chris O.,Founder & CEO — Angkor High Solutions | Multi‑Market Delivery & HITL Ops,AHS. We Go Beyond. ,Philippines,https://www.linkedin.com/in/chris-o-3415148a,,SalesNav filter 11-50 or 51-200. Manual check needed for 10-100 band.,growth_or_people_language_in_profile,manual review needed,industry and founder role suggest possible fit; revenue not verified,manual recent activity check needed,"https://www.linkedin.com/sales/lead/ACwAABLxCeEByk5P3r3lW2u4A7LEYtFSV650Ies,NAME_SEARCH,L8GO",85,Philippines / ceo,"Founder led company in target size filter. Review for hiring, growth, or people process trigger before sending.",not checked against client DNC yet,READY_FOR_MANUAL_REVIEW,founder_or_senior_owner_title; growth_or_people_language_in_profile; linkedin_url_present,,"Founder, Angkor High Solutions | High‑Complexity Operations",,Metro Manila,ACwAABLxCeEByk5P3r3lW2u4A7LEYtFSV650Ies
Chris M.,Managing Director & Founder,Tuncarp,Philippines,https://www.linkedin.com/in/chrismurphyph,,SalesNav filter 11-50 or 51-200. Manual check needed for 10-100 band.,growth_or_people_language_in_profile,manual review needed,industry and founder role suggest possible fit; revenue not verified,manual recent activity check needed,"https://www.linkedin.com/sales/lead/ACwAAARPhYoBr6sNz_1yydnOQvZU6_T9qY7qz7E,NAME_SEARCH,oJ72",85,Philippines / founder,"Founder led company in target size filter. Review for hiring, growth, or people process trigger before sending.",not checked against client DNC yet,READY_FOR_MANUAL_REVIEW,founder_or_senior_owner_title; growth_or_people_language_in_profile; linkedin_url_present,,Tuncarp - CX & UX/UI white label design teams and AI creative for global agencies and marketers.,,"Manila, National Capital Region, Philippines",ACwAAARPhYoBr6sNz_1yydnOQvZU6_T9qY7qz7E
Chris D.,Founder & CEO,Prospexia Outsourcing,Philippines,https://www.linkedin.com/in/chrisd19,,SalesNav filter 11-50 or 51-200. Manual check needed for 10-100 band.,growth_or_people_language_in_profile,manual review needed,industry and founder role suggest possible fit; revenue not verified,manual recent activity check needed,"https://www.linkedin.com/sales/lead/ACwAACb9DmYBb_BSOIsVKNnqGLS9XtGRFoD2NRM,NAME_SEARCH,pb4v",85,Philippines / founder,"Founder led company in target size filter. Review for hiring, growth, or people process trigger before sending.",not checked against client DNC yet,READY_FOR_MANUAL_REVIEW,founder_or_senior_owner_title; growth_or_people_language_in_profile; linkedin_url_present,,"Founder & CEO, Prospexia Outsourcing | Helping businesses scale with reliable remote CSRs, Sales Reps, Technical Support, and Virtual Assistants with consistency, accountability, and up to 50% cost savings for 12 months.",,Metro Manila,ACwAACb9DmYBb_BSOIsVKNnqGLS9XtGRFoD2NRM
Charmaine Cu-Unjieng,Co-Founder and Chief Strategy Officer,NaturLoop,Philippines,https://www.linkedin.com/in/charmaine-cuunjieng,,SalesNav filter 11-50 or 51-200. Manual check needed for 10-100 band.,growth_or_people_language_in_profile,manual review needed,industry and founder role suggest possible fit; revenue not verified,manual recent activity check needed,"https://www.linkedin.com/sales/lead/ACwAAESeNlQB4XUkDlke6ehkQlKX6vbbpfBG19A,NAME_SEARCH,EMsG",85,Philippines / founder,"Founder led company in target size filter. Review for hiring, growth, or people process trigger before sending.",not checked against client DNC yet,READY_FOR_MANUAL_REVIEW,founder_or_senior_owner_title; growth_or_people_language_in_profile; linkedin_url_present,,"Co-Founder and Chief Strategy Officer, Naturloop⎜Green Tech⎜Circular Economy⎜Int'l Development⎜Global Health⎜Peacebuilding⎜Mental Well-Being and Resilience⎜Board Director and Teacher for Art of Living",,Philippines,ACwAAESeNlQB4XUkDlke6ehkQlKX6vbbpfBG19A
Charisse Romero,"Co-Owner, Head of Operations",BlueMoso | The Team Behind Your Team,Philippines,https://www.linkedin.com/in/charomero,,SalesNav filter 11-50 or 51-200. Manual check needed for 10-100 band.,growth_or_people_language_in_profile,manual review needed,industry and founder role suggest possible fit; revenue not verified,manual recent activity check needed,"https://www.linkedin.com/sales/lead/ACwAAEboo0oBAKaumsa_jz6buhvWeeID5_6cBn8,NAME_SEARCH,PCK0",85,Philippines / md_owner,"Founder led company in target size filter. Review for hiring, growth, or people process trigger before sending.",not checked against client DNC yet,READY_FOR_MANUAL_REVIEW,founder_or_senior_owner_title; growth_or_people_language_in_profile; linkedin_url_present,,Helping Entrepreneurs Save Time & Scale | Content + Ops Partner for Founders | Co-Owner @ BlueMoso | Supermom 👩‍👧‍👦,,"Bacoor, Calabarzon, Philippines",ACwAAEboo0oBAKaumsa_jz6buhvWeeID5_6cBn8
Carlo Angelo O.,Founder & CEO,Task Me Quick,Philippines,https://www.linkedin.com/in/carlo-taskmequick,,SalesNav filter 11-50 or 51-200. Manual check needed for 10-100 band.,growth_or_people_language_in_profile,manual review needed,industry and founder role suggest possible fit; revenue not verified,manual recent activity check needed,"https://www.linkedin.com/sales/lead/ACwAABXhXfkBjLXkwe6nNK_HzVy8AIMVcBsfw38,NAME_SEARCH,_jwL",85,Philippines / ceo,"Founder led company in target size filter. Review for hiring, growth, or people process trigger before sending.",not checked against client DNC yet,READY_FOR_MANUAL_REVIEW,founder_or_senior_owner_title; growth_or_people_language_in_profile; linkedin_url_present,,Founder at Task Me Quick | $8M+ Combined Revenue | $3.5M+ Upwork Agency | Offshore Customer Support & Virtual Assistants,,"Calabarzon, Philippines",ACwAABXhXfkBjLXkwe6nNK_HzVy8AIMVcBsfw38
Carl Angelo Orale,Founder & CEO,Experia,Philippines,https://www.linkedin.com/in/carl-angelo-orale,,SalesNav filter 11-50 or 51-200. Manual check needed for 10-100 band.,growth_or_people_language_in_profile,manual review needed,industry and founder role suggest possible fit; revenue not verified,manual recent activity check needed,"https://www.linkedin.com/sales/lead/ACwAABfAh_0Bb_7qZy7mR4LdDZEka7Ujj3ccC28,NAME_SEARCH,eebk",85,Philippines / founder,"Founder led company in target size filter. Review for hiring, growth, or people process trigger before sending.",not checked against client DNC yet,READY_FOR_MANUAL_REVIEW,founder_or_senior_owner_title; growth_or_people_language_in_profile; linkedin_url_present,,Founder @ Experia | Ticketnation | AI-Driven CTO | 10x Full-Stack & DevOps Engineer | Scalable Platforms | User-Centered Design | 100X Fellow,,Metro Manila,ACwAABfAh_0Bb_7qZy7mR4LdDZEka7Ujj3ccC28
Bernd-Michael Rennebeck,Founder & CEO/CTO,SageDynamics,Philippines,https://www.linkedin.com/in/brennebeck,,SalesNav filter 11-50 or 51-200. Manual check needed for 10-100 band.,growth_or_people_language_in_profile,manual review needed,industry and founder role suggest possible fit; revenue not verified,manual recent activity check needed,"https://www.linkedin.com/sales/lead/ACwAAAhNTlUB7fU3TeQTSONhriuVViDujOMujW4,NAME_SEARCH,jpHG",85,Philippines / ceo,"Founder led company in target size filter. Review for hiring, growth, or people process trigger before sending.",not checked against client DNC yet,READY_FOR_MANUAL_REVIEW,founder_or_senior_owner_title; growth_or_people_language_in_profile; linkedin_url_present,,I build things. Founder of SageDynamics. Rebuilding HackManila.,,"Metro Manila, National Capital Region, Philippines",ACwAAAhNTlUB7fU3TeQTSONhriuVViDujOMujW4
Avi A.,CEO & Founder,FYB Technologies Corporation,Philippines,https://www.linkedin.com/in/avi-asraf,,SalesNav filter 11-50 or 51-200. Manual check needed for 10-100 band.,growth_or_people_language_in_profile,manual review needed,industry and founder role suggest possible fit; revenue not verified,manual recent activity check needed,"https://www.linkedin.com/sales/lead/ACwAADiPYSMBg_6k3u1NONvchvjf4JzPgSSFrww,NAME_SEARCH,7jns",85,Philippines / founder,"Founder led company in target size filter. Review for hiring, growth, or people process trigger before sending.",not checked against client DNC yet,READY_FOR_MANUAL_REVIEW,founder_or_senior_owner_title; growth_or_people_language_in_profile; linkedin_url_present,,"CEO & Founder, FYB Technologies — Providing enterprise-grade B2B custom software

CEO, dijoker.com — Driving strategic direction, platform optimization, and immersive product delivery in the digital gaming ecosystem.",,"Taguig, National Capital Region, Philippines",ACwAADiPYSMBg_6k3u1NONvchvjf4JzPgSSFrww
